Workbook

Sheet asthma_eval
A1: Model | B1: Prompt | C1: Patient ID | D1: Expected | E1: Model Decision | F1: Correct | G1: Narrative | H1: Key
A2: gpt | B2: no_guideline | C2: 1 | D2: Asthma | E2: AlternativeDiagnosis | F2: =FALSE() -> FALSE | G2: The patient presents with a blood eosinophil count that is elevated and a FeNO level of 30.0 ppb. Spirometry is not available. FEV1 increase is 0.0% and 0.0 ml, with a predicted FEV1 increase of 0.0%. PEF variability is 0.0%. Bronchial hyperresponsiveness is not present. | H2: =A2&"|"&B2&"|"&C2 -> gpt|no_guideline|1
A3: gpt | B3: no_guideline | C3: 2 | D3: Asthma | E3: AlternativeDiagnosis | F3: =FALSE() -> FALSE | G3: The patient presents with a blood eosinophil count that is not elevated and a FeNO level of 55.0 ppb. Spirometry is not available. FEV1 increase is 0.0% and 0.0 ml, with a predicted FEV1 increase of 0.0%. PEF variability is 0.0%. Bronchial hyperresponsiveness is not present. | H3: =A3&"|"&B3&"|"&C3 -> gpt|no_guideline|2
A4: gpt | B4: no_guideline | C4: 3 | D4: Asthma | E4: Asthma | F4: =TRUE() -> TRUE | G4: The patient presents with a blood eosinophil count that is elevated and a FeNO level of 55.0 ppb. Spirometry is not available. FEV1 increase is 0.0% and 0.0 ml, with a predicted FEV1 increase of 0.0%. PEF variability is 0.0%. Bronchial hyperresponsiveness is not present. | H4: =A4&"|"&B4&"|"&C4 -> gpt|no_guideline|3
A5: gpt | B5: no_guideline | C5: 4 | D5: Asthma | E5: AlternativeDiagnosis | F5: =FALSE() -> FALSE | G5: The patient presents with a blood eosinophil count that is not elevated and a FeNO level of 50.0 ppb. Spirometry is not available. FEV1 increase is 0.0% and 0.0 ml, with a predicted FEV1 increase of 0.0%. PEF variability is 0.0%. Bronchial hyperresponsiveness is not present. | H5: =A5&"|"&B5&"|"&C5 -> gpt|no_guideline|4
A6: gpt | B6: no_guideline | C6: 11 | D6: Asthma | E6: Asthma | F6: =TRUE() -> TRUE | G6: The patient presents with a blood eosinophil count that is not elevated and a FeNO level of 30.0 ppb. Spirometry is available. FEV1 increase is 13.0% and 210.0 ml, with a predicted FEV1 increase of 5.0%. PEF variability is 0.0%. Bronchial hyperresponsiveness is not present. | H6: =A6&"|"&B6&"|"&C6 -> gpt|no_guideline|11
A7: gpt | B7: no_guideline | C7: 12 | D7: Asthma | E7: AlternativeDiagnosis | F7: =FALSE() -> FALSE | G7: The patient presents with a blood eosinophil count that is not elevated and a FeNO level of 30.0 ppb. Spirometry is available. FEV1 increase is 5.0% and 100.0 ml, with a predicted FEV1 increase of 11.0%. PEF variability is 0.0%. Bronchial hyperresponsiveness is not present. | H7: =A7&"|"&B7&"|"&C7 -> gpt|no_guideline|12
A8: gpt | B8: no_guideline | C8: 13 | D8: Asthma | E8: AlternativeDiagnosis | F8: =FALSE() -> FALSE | G8: The patient presents with a blood eosinophil count that is not elevated and a FeNO level of 30.0 ppb. Spirometry is available. FEV1 increase is 12.0% and 200.0 ml, with a predicted FEV1 increase of 5.0%. PEF variability is 0.0%. Bronchial hyperresponsiveness is not present. | H8: =A8&"|"&B8&"|"&C8 -> gpt|no_guideline|13
A9: gpt | B9: no_guideline | C9: 21 | D9: Asthma | E9: AlternativeDiagnosis | F9: =FALSE() -> FALSE | G9: The patient presents with a blood eosinophil count that is not elevated and a FeNO level of 30.0 ppb. Spirometry is not available. FEV1 increase is 0.0% and 0.0 ml, with a predicted FEV1 increase of 0.0%. PEF variability is 22.0%. Bronchial hyperresponsiveness is not present. | H9: =A9&"|"&B9&"|"&C9 -> gpt|no_guideline|21
A10: gpt | B10: no_guideline | C10: 22 | D10: Asthma | E10: AlternativeDiagnosis | F10: =FALSE() -> FALSE | G10: The patient presents with a blood eosinophil count that is not elevated and a FeNO level of 30.0 ppb. Spirometry is not available. FEV1 increase is 0.0% and 0.0 ml, with a predicted FEV1 increase of 0.0%. PEF variability is 20.0%. Bronchial hyperresponsiveness is not present. | H10: =A10&"|"&B10&"|"&C10 -> gpt|no_guideline|22
A11: gpt | B11: no_guideline | C11: 31 | D11: Asthma | E11: Asthma | F11: =TRUE() -> TRUE | G11: The patient presents with a blood eosinophil count that is not elevated and a FeNO level of 30.0 ppb. Spirometry is available. FEV1 increase is 5.0% and 100.0 ml, with a predicted FEV1 increase of 5.0%. PEF variability is 0.0%. Bronchial hyperresponsiveness is present. | H11: =A11&"|"&B11&"|"&C11 -> gpt|no_guideline|31
A12: gpt | B12: no_guideline | C12: 32 | D12: Asthma | E12: Asthma | F12: =TRUE() -> TRUE | G12: The patient presents with a blood eosinophil count that is not elevated and a FeNO level of 30.0 ppb. Spirometry is not available. FEV1 increase is 0.0% and 0.0 ml, with a predicted FEV1 increase of 0.0%. PEF variability is 10.0%. Bronchial hyperresponsiveness is present. | H12: =A12&"|"&B12&"|"&C12 -> gpt|no_guideline|32
A13: gpt | B13: no_guideline | C13: 41 | D13: AlternativeDiagnosis | E13: AlternativeDiagnosis | F13: =TRUE() -> TRUE | G13: The patient presents with a blood eosinophil count that is not elevated and a FeNO level of 30.0 ppb. Spirometry is available. FEV1 increase is 13.0% and 150.0 ml, with a predicted FEV1 increase of 5.0%. PEF variability is 0.0%. Bronchial hyperresponsiveness is not present. | H13: =A13&"|"&B13&"|"&C13 -> gpt|no_guideline|41
A14: gpt | B14: no_guideline | C14: 42 | D14: AlternativeDiagnosis | E14: AlternativeDiagnosis | F14: =TRUE() -> TRUE | G14: The patient presents with a blood eosinophil count that is not elevated and a FeNO level of 30.0 ppb. Spirometry is available. FEV1 increase is 5.0% and 210.0 ml, with a predicted FEV1 increase of 5.0%. PEF variability is 0.0%. Bronchial hyperresponsiveness is not present. | H14: =A14&"|"&B14&"|"&C14 -> gpt|no_guideline|42
A15: gpt | B15: no_guideline | C15: 51 | D15: AlternativeDiagnosis | E15: AlternativeDiagnosis | F15: =TRUE() -> TRUE | G15: The patient presents with a blood eosinophil count that is not elevated and a FeNO level of 30.0 ppb. Spirometry is available. FEV1 increase is 5.0% and 100.0 ml, with a predicted FEV1 increase of 5.0%. PEF variability is 10.0%. Bronchial hyperresponsiveness is not present. | H15: =A15&"|"&B15&"|"&C15 -> gpt|no_guideline|51
A16: gpt | B16: no_guideline | C16: 52 | D16: AlternativeDiagnosis | E16: AlternativeDiagnosis | F16: =TRUE() -> TRUE | G16: The patient presents with a blood eosinophil count that is not elevated and a FeNO level of 30.0 ppb. Spirometry is not available. FEV1 increase is 0.0% and 0.0 ml, with a predicted FEV1 increase of 0.0%. PEF variability is 10.0%. Bronchial hyperresponsiveness is not present. | H16: =A16&"|"&B16&"|"&C16 -> gpt|no_guideline|52
A17: gpt | B17: with_guideline | C17: 1 | D17: Asthma | E17: Asthma | F17: =TRUE() -> TRUE | G17: The patient presents with a blood eosinophil count that is elevated and a FeNO level of 30.0 ppb. Spirometry is not available. FEV1 increase is 0.0% and 0.0 ml, with a predicted FEV1 increase of 0.0%. PEF variability is 0.0%. Bronchial hyperresponsiveness is not present. | H17: =A17&"|"&B17&"|"&C17 -> gpt|with_guideline|1
A18: gpt | B18: with_guideline | C18: 2 | D18: Asthma | E18: Asthma | F18: =TRUE() -> TRUE | G18: The patient presents with a blood eosinophil count that is not elevated and a FeNO level of 55.0 ppb. Spirometry is not available. FEV1 increase is 0.0% and 0.0 ml, with a predicted FEV1 increase of 0.0%. PEF variability is 0.0%. Bronchial hyperresponsiveness is not present. | H18: =A18&"|"&B18&"|"&C18 -> gpt|with_guideline|2
A19: gpt | B19: with_guideline | C19: 3 | D19: Asthma | E19: Asthma | F19: =TRUE() -> TRUE | G19: The patient presents with a blood eosinophil count that is elevated and a FeNO level of 55.0 ppb. Spirometry is not available. FEV1 increase is 0.0% and 0.0 ml, with a predicted FEV1 increase of 0.0%. PEF variability is 0.0%. Bronchial hyperresponsiveness is not present. | H19: =A19&"|"&B19&"|"&C19 -> gpt|with_guideline|3
A20: gpt | B20: with_guideline | C20: 4 | D20: Asthma | E20: Asthma | F20: =TRUE() -> TRUE | G20: The patient presents with a blood eosinophil count that is not elevated and a FeNO level of 50.0 ppb. Spirometry is not available. FEV1 increase is 0.0% and 0.0 ml, with a predicted FEV1 increase of 0.0%. PEF variability is 0.0%. Bronchial hyperresponsiveness is not present. | H20: =A20&"|"&B20&"|"&C20 -> gpt|with_guideline|4
A21: gpt | B21: with_guideline | C21: 11 | D21: Asthma | E21: Asthma | F21: =TRUE() -> TRUE | G21: The patient presents with a blood eosinophil count that is not elevated and a FeNO level of 30.0 ppb. Spirometry is available. FEV1 increase is 13.0% and 210.0 ml, with a predicted FEV1 increase of 5.0%. PEF variability is 0.0%. Bronchial hyperresponsiveness is not present. | H21: =A21&"|"&B21&"|"&C21 -> gpt|with_guideline|11
A22: gpt | B22: with_guideline | C22: 12 | D22: Asthma | E22: Asthma | F22: =TRUE() -> TRUE | G22: The patient presents with a blood eosinophil count that is not elevated and a FeNO level of 30.0 ppb. Spirometry is available. FEV1 increase is 5.0% and 100.0 ml, with a predicted FEV1 increase of 11.0%. PEF variability is 0.0%. Bronchial hyperresponsiveness is not present. | H22: =A22&"|"&B22&"|"&C22 -> gpt|with_guideline|12
... A31: gpt | B31: with_guideline | C31: 52 | D31: AlternativeDiagnosis | E31: AlternativeDiagnosis | F31: =TRUE() -> TRUE | G31: The patient presents with a blood eosinophil count that is not elevated and a FeNO level of 30.0 ppb. Spirometry is not available. FEV1 increase is 0.0% and 0.0 ml, with a predicted FEV1 increase of 0.0%. PEF variability is 10.0%. Bronchial hyperresponsiveness is not present. | H31: =A31&"|"&B31&"|"&C31 -> gpt|with_guideline|52
A32: claude | B32: no_guideline | C32: 1 | D32: Asthma | E32: PARSE_ERROR | F32: =FALSE() -> FALSE | G32: The patient presents with a blood eosinophil count that is elevated and a FeNO level of 30.0 ppb. Spirometry is not available. FEV1 increase is 0.0% and 0.0 ml, with a predicted FEV1 increase of 0.0%. PEF variability is 0.0%. Bronchial hyperresponsiveness is not present. | H32: =A32&"|"&B32&"|"&C32 -> claude|no_guideline|1
A33: claude | B33: no_guideline | C33: 2 | D33: Asthma | E33: PARSE_ERROR | F33: =FALSE() -> FALSE | G33: The patient presents with a blood eosinophil count that is not elevated and a FeNO level of 55.0 ppb. Spirometry is not available. FEV1 increase is 0.0% and 0.0 ml, with a predicted FEV1 increase of 0.0%. PEF variability is 0.0%. Bronchial hyperresponsiveness is not present. | H33: =A33&"|"&B33&"|"&C33 -> claude|no_guideline|2
A34: claude | B34: no_guideline | C34: 3 | D34: Asthma | E34: PARSE_ERROR | F34: =FALSE() -> FALSE | G34: The patient presents with a blood eosinophil count that is elevated and a FeNO level of 55.0 ppb. Spirometry is not available. FEV1 increase is 0.0% and 0.0 ml, with a predicted FEV1 increase of 0.0%. PEF variability is 0.0%. Bronchial hyperresponsiveness is not present. | H34: =A34&"|"&B34&"|"&C34 -> claude|no_guideline|3
A35: claude | B35: no_guideline | C35: 4 | D35: Asthma | E35: PARSE_ERROR | F35: =FALSE() -> FALSE | G35: The patient presents with a blood eosinophil count that is not elevated and a FeNO level of 50.0 ppb. Spirometry is not available. FEV1 increase is 0.0% and 0.0 ml, with a predicted FEV1 increase of 0.0%. PEF variability is 0.0%. Bronchial hyperresponsiveness is not present. | H35: =A35&"|"&B35&"|"&C35 -> claude|no_guideline|4
A36: claude | B36: no_guideline | C36: 11 | D36: Asthma | E36: PARSE_ERROR | F36: =FALSE() -> FALSE | G36: The patient presents with a blood eosinophil count that is not elevated and a FeNO level of 30.0 ppb. Spirometry is available. FEV1 increase is 13.0% and 210.0 ml, with a predicted FEV1 increase of 5.0%. PEF variability is 0.0%. Bronchial hyperresponsiveness is not present. | H36: =A36&"|"&B36&"|"&C36 -> claude|no_guideline|11
A37: claude | B37: no_guideline | C37: 12 | D37: Asthma | E37: PARSE_ERROR | F37: =FALSE() -> FALSE | G37: The patient presents with a blood eosinophil count that is not elevated and a FeNO level of 30.0 ppb. Spirometry is available. FEV1 increase is 5.0% and 100.0 ml, with a predicted FEV1 increase of 11.0%. PEF variability is 0.0%. Bronchial hyperresponsiveness is not present. | H37: =A37&"|"&B37&"|"&C37 -> claude|no_guideline|12
A38: claude | B38: no_guideline | C38: 13 | D38: Asthma | E38: PARSE_ERROR | F38: =FALSE() -> FALSE | G38: The patient presents with a blood eosinophil count that is not elevated and a FeNO level of 30.0 ppb. Spirometry is available. FEV1 increase is 12.0% and 200.0 ml, with a predicted FEV1 increase of 5.0%. PEF variability is 0.0%. Bronchial hyperresponsiveness is not present. | H38: =A38&"|"&B38&"|"&C38 -> claude|no_guideline|13
A39: claude | B39: no_guideline | C39: 21 | D39: Asthma | E39: PARSE_ERROR | F39: =FALSE() -> FALSE | G39: The patient presents with a blood eosinophil count that is not elevated and a FeNO level of 30.0 ppb. Spirometry is not available. FEV1 increase is 0.0% and 0.0 ml, with a predicted FEV1 increase of 0.0%. PEF variability is 22.0%. Bronchial hyperresponsiveness is not present. | H39: =A39&"|"&B39&"|"&C39 -> claude|no_guideline|21
A40: claude | B40: no_guideline | C40: 22 | D40: Asthma | E40: PARSE_ERROR | F40: =FALSE() -> FALSE | G40: The patient presents with a blood eosinophil count that is not elevated and a FeNO level of 30.0 ppb. Spirometry is not available. FEV1 increase is 0.0% and 0.0 ml, with a predicted FEV1 increase of 0.0%. PEF variability is 20.0%. Bronchial hyperresponsiveness is not present. | H40: =A40&"|"&B40&"|"&C40 -> claude|no_guideline|22
A41: claude | B41: no_guideline | C41: 31 | D41: Asthma | E41: PARSE_ERROR | F41: =FALSE() -> FALSE | G41: The patient presents with a blood eosinophil count that is not elevated and a FeNO level of 30.0 ppb. Spirometry is available. FEV1 increase is 5.0% and 100.0 ml, with a predicted FEV1 increase of 5.0%. PEF variability is 0.0%. Bronchial hyperresponsiveness is present. | H41: =A41&"|"&B41&"|"&C41 -> claude|no_guideline|31
A42: claude | B42: no_guideline | C42: 32 | D42: Asthma | E42: PARSE_ERROR | F42: =FALSE() -> FALSE | G42: The patient presents with a blood eosinophil count that is not elevated and a FeNO level of 30.0 ppb. Spirometry is not available. FEV1 increase is 0.0% and 0.0 ml, with a predicted FEV1 increase of 0.0%. PEF variability is 10.0%. Bronchial hyperresponsiveness is present. | H42: =A42&"|"&B42&"|"&C42 -> claude|no_guideline|32
A43: claude | B43: no_guideline | C43: 41 | D43: AlternativeDiagnosis | E43: PARSE_ERROR | F43: =FALSE() -> FALSE | G43: The patient presents with a blood eosinophil count that is not elevated and a FeNO level of 30.0 ppb. Spirometry is available. FEV1 increase is 13.0% and 150.0 ml, with a predicted FEV1 increase of 5.0%. PEF variability is 0.0%. Bronchial hyperresponsiveness is not present. | H43: =A43&"|"&B43&"|"&C43 -> claude|no_guideline|41
... A46: claude | B46: no_guideline | C46: 52 | D46: AlternativeDiagnosis | E46: PARSE_ERROR | F46: =FALSE() -> FALSE | G46: The patient presents with a blood eosinophil count that is not elevated and a FeNO level of 30.0 ppb. Spirometry is not available. FEV1 increase is 0.0% and 0.0 ml, with a predicted FEV1 increase of 0.0%. PEF variability is 10.0%. Bronchial hyperresponsiveness is not present. | H46: =A46&"|"&B46&"|"&C46 -> claude|no_guideline|52
A47: claude | B47: with_guideline | C47: 1 | D47: Asthma | E47: Asthma | F47: =TRUE() -> TRUE | G47: The patient presents with a blood eosinophil count that is elevated and a FeNO level of 30.0 ppb. Spirometry is not available. FEV1 increase is 0.0% and 0.0 ml, with a predicted FEV1 increase of 0.0%. PEF variability is 0.0%. Bronchial hyperresponsiveness is not present. | H47: =A47&"|"&B47&"|"&C47 -> claude|with_guideline|1
A48: claude | B48: with_guideline | C48: 2 | D48: Asthma | E48: Asthma | F48: =TRUE() -> TRUE | G48: The patient presents with a blood eosinophil count that is not elevated and a FeNO level of 55.0 ppb. Spirometry is not available. FEV1 increase is 0.0% and 0.0 ml, with a predicted FEV1 increase of 0.0%. PEF variability is 0.0%. Bronchial hyperresponsiveness is not present. | H48: =A48&"|"&B48&"|"&C48 -> claude|with_guideline|2
A49: claude | B49: with_guideline | C49: 3 | D49: Asthma | E49: Asthma | F49: =TRUE() -> TRUE | G49: The patient presents with a blood eosinophil count that is elevated and a FeNO level of 55.0 ppb. Spirometry is not available. FEV1 increase is 0.0% and 0.0 ml, with a predicted FEV1 increase of 0.0%. PEF variability is 0.0%. Bronchial hyperresponsiveness is not present. | H49: =A49&"|"&B49&"|"&C49 -> claude|with_guideline|3
A50: claude | B50: with_guideline | C50: 4 | D50: Asthma | E50: PARSE_ERROR | F50: =FALSE() -> FALSE | G50: The patient presents with a blood eosinophil count that is not elevated and a FeNO level of 50.0 ppb. Spirometry is not available. FEV1 increase is 0.0% and 0.0 ml, with a predicted FEV1 increase of 0.0%. PEF variability is 0.0%. Bronchial hyperresponsiveness is not present. | H50: =A50&"|"&B50&"|"&C50 -> claude|with_guideline|4
A51: claude | B51: with_guideline | C51: 11 | D51: Asthma | E51: PARSE_ERROR | F51: =FALSE() -> FALSE | G51: The patient presents with a blood eosinophil count that is not elevated and a FeNO level of 30.0 ppb. Spirometry is available. FEV1 increase is 13.0% and 210.0 ml, with a predicted FEV1 increase of 5.0%. PEF variability is 0.0%. Bronchial hyperresponsiveness is not present. | H51: =A51&"|"&B51&"|"&C51 -> claude|with_guideline|11
A52: claude | B52: with_guideline | C52: 12 | D52: Asthma | E52: PARSE_ERROR | F52: =FALSE() -> FALSE | G52: The patient presents with a blood eosinophil count that is not elevated and a FeNO level of 30.0 ppb. Spirometry is available. FEV1 increase is 5.0% and 100.0 ml, with a predicted FEV1 increase of 11.0%. PEF variability is 0.0%. Bronchial hyperresponsiveness is not present. | H52: =A52&"|"&B52&"|"&C52 -> claude|with_guideline|12
A53: claude | B53: with_guideline | C53: 13 | D53: Asthma | E53: PARSE_ERROR | F53: =FALSE() -> FALSE | G53: The patient presents with a blood eosinophil count that is not elevated and a FeNO level of 30.0 ppb. Spirometry is available. FEV1 increase is 12.0% and 200.0 ml, with a predicted FEV1 increase of 5.0%. PEF variability is 0.0%. Bronchial hyperresponsiveness is not present. | H53: =A53&"|"&B53&"|"&C53 -> claude|with_guideline|13
A54: claude | B54: with_guideline | C54: 21 | D54: Asthma | E54: PARSE_ERROR | F54: =FALSE() -> FALSE | G54: The patient presents with a blood eosinophil count that is not elevated and a FeNO level of 30.0 ppb. Spirometry is not available. FEV1 increase is 0.0% and 0.0 ml, with a predicted FEV1 increase of 0.0%. PEF variability is 22.0%. Bronchial hyperresponsiveness is not present. | H54: =A54&"|"&B54&"|"&C54 -> claude|with_guideline|21
A55: claude | B55: with_guideline | C55: 22 | D55: Asthma | E55: PARSE_ERROR | F55: =FALSE() -> FALSE | G55: The patient presents with a blood eosinophil count that is not elevated and a FeNO level of 30.0 ppb. Spirometry is not available. FEV1 increase is 0.0% and 0.0 ml, with a predicted FEV1 increase of 0.0%. PEF variability is 20.0%. Bronchial hyperresponsiveness is not present. | H55: =A55&"|"&B55&"|"&C55 -> claude|with_guideline|22
A56: claude | B56: with_guideline | C56: 31 | D56: Asthma | E56: PARSE_ERROR | F56: =FALSE() -> FALSE | G56: The patient presents with a blood eosinophil count that is not elevated and a FeNO level of 30.0 ppb. Spirometry is available. FEV1 increase is 5.0% and 100.0 ml, with a predicted FEV1 increase of 5.0%. PEF variability is 0.0%. Bronchial hyperresponsiveness is present. | H56: =A56&"|"&B56&"|"&C56 -> claude|with_guideline|31
A57: claude | B57: with_guideline | C57: 32 | D57: Asthma | E57: PARSE_ERROR | F57: =FALSE() -> FALSE | G57: The patient presents with a blood eosinophil count that is not elevated and a FeNO level of 30.0 ppb. Spirometry is not available. FEV1 increase is 0.0% and 0.0 ml, with a predicted FEV1 increase of 0.0%. PEF variability is 10.0%. Bronchial hyperresponsiveness is present. | H57: =A57&"|"&B57&"|"&C57 -> claude|with_guideline|32
A58: claude | B58: with_guideline | C58: 41 | D58: AlternativeDiagnosis | E58: PARSE_ERROR | F58: =FALSE() -> FALSE | G58: The patient presents with a blood eosinophil count that is not elevated and a FeNO level of 30.0 ppb. Spirometry is available. FEV1 increase is 13.0% and 150.0 ml, with a predicted FEV1 increase of 5.0%. PEF variability is 0.0%. Bronchial hyperresponsiveness is not present. | H58: =A58&"|"&B58&"|"&C58 -> claude|with_guideline|41
A59: claude | B59: with_guideline | C59: 42 | D59: AlternativeDiagnosis | E59: PARSE_ERROR | F59: =FALSE() -> FALSE | G59: The patient presents with a blood eosinophil count that is not elevated and a FeNO level of 30.0 ppb. Spirometry is available. FEV1 increase is 5.0% and 210.0 ml, with a predicted FEV1 increase of 5.0%. PEF variability is 0.0%. Bronchial hyperresponsiveness is not present. | H59: =A59&"|"&B59&"|"&C59 -> claude|with_guideline|42
A60: claude | B60: with_guideline | C60: 51 | D60: AlternativeDiagnosis | E60: PARSE_ERROR | F60: =FALSE() -> FALSE | G60: The patient presents with a blood eosinophil count that is not elevated and a FeNO level of 30.0 ppb. Spirometry is available. FEV1 increase is 5.0% and 100.0 ml, with a predicted FEV1 increase of 5.0%. PEF variability is 10.0%. Bronchial hyperresponsiveness is not present. | H60: =A60&"|"&B60&"|"&C60 -> claude|with_guideline|51
A61: claude | B61: with_guideline | C61: 52 | D61: AlternativeDiagnosis | E61: PARSE_ERROR | F61: =FALSE() -> FALSE | G61: The patient presents with a blood eosinophil count that is not elevated and a FeNO level of 30.0 ppb. Spirometry is not available. FEV1 increase is 0.0% and 0.0 ml, with a predicted FEV1 increase of 0.0%. PEF variability is 10.0%. Bronchial hyperresponsiveness is not present. | H61: =A61&"|"&B61&"|"&C61 -> claude|with_guideline|52
... A71: gemini | B71: no_guideline | C71: 31 | D71: Asthma | E71: AlternativeDiagnosis | F71: =FALSE() -> FALSE | G71: The patient presents with a blood eosinophil count that is not elevated and a FeNO level of 30.0 ppb. Spirometry is available. FEV1 increase is 5.0% and 100.0 ml, with a predicted FEV1 increase of 5.0%. PEF variability is 0.0%. Bronchial hyperresponsiveness is present. | H71: =A71&"|"&B71&"|"&C71 -> gemini|no_guideline|31
A72: gemini | B72: no_guideline | C72: 32 | D72: Asthma | E72: Asthma | F72: =TRUE() -> TRUE | G72: The patient presents with a blood eosinophil count that is not elevated and a FeNO level of 30.0 ppb. Spirometry is not available. FEV1 increase is 0.0% and 0.0 ml, with a predicted FEV1 increase of 0.0%. PEF variability is 10.0%. Bronchial hyperresponsiveness is present. | H72: =A72&"|"&B72&"|"&C72 -> gemini|no_guideline|32
A73: gemini | B73: no_guideline | C73: 41 | D73: AlternativeDiagnosis | E73: AlternativeDiagnosis | F73: =TRUE() -> TRUE | G73: The patient presents with a blood eosinophil count that is not elevated and a FeNO level of 30.0 ppb. Spirometry is available. FEV1 increase is 13.0% and 150.0 ml, with a predicted FEV1 increase of 5.0%. PEF variability is 0.0%. Bronchial hyperresponsiveness is not present. | H73: =A73&"|"&B73&"|"&C73 -> gemini|no_guideline|41
A74: gemini | B74: no_guideline | C74: 42 | D74: AlternativeDiagnosis | E74: AlternativeDiagnosis | F74: =TRUE() -> TRUE | G74: The patient presents with a blood eosinophil count that is not elevated and a FeNO level of 30.0 ppb. Spirometry is available. FEV1 increase is 5.0% and 210.0 ml, with a predicted FEV1 increase of 5.0%. PEF variability is 0.0%. Bronchial hyperresponsiveness is not present. | H74: =A74&"|"&B74&"|"&C74 -> gemini|no_guideline|42
A75: gemini | B75: no_guideline | C75: 51 | D75: AlternativeDiagnosis | E75: AlternativeDiagnosis | F75: =TRUE() -> TRUE | G75: The patient presents with a blood eosinophil count that is not elevated and a FeNO level of 30.0 ppb. Spirometry is available. FEV1 increase is 5.0% and 100.0 ml, with a predicted FEV1 increase of 5.0%. PEF variability is 10.0%. Bronchial hyperresponsiveness is not present. | H75: =A75&"|"&B75&"|"&C75 -> gemini|no_guideline|51
A76: gemini | B76: no_guideline | C76: 52 | D76: AlternativeDiagnosis | E76: AlternativeDiagnosis | F76: =TRUE() -> TRUE | G76: The patient presents with a blood eosinophil count that is not elevated and a FeNO level of 30.0 ppb. Spirometry is not available. FEV1 increase is 0.0% and 0.0 ml, with a predicted FEV1 increase of 0.0%. PEF variability is 10.0%. Bronchial hyperresponsiveness is not present. | H76: =A76&"|"&B76&"|"&C76 -> gemini|no_guideline|52
A77: gemini | B77: with_guideline | C77: 1 | D77: Asthma | E77: Asthma | F77: =TRUE() -> TRUE | G77: The patient presents with a blood eosinophil count that is elevated and a FeNO level of 30.0 ppb. Spirometry is not available. FEV1 increase is 0.0% and 0.0 ml, with a predicted FEV1 increase of 0.0%. PEF variability is 0.0%. Bronchial hyperresponsiveness is not present. | H77: =A77&"|"&B77&"|"&C77 -> gemini|with_guideline|1
A78: gemini | B78: with_guideline | C78: 2 | D78: Asthma | E78: Asthma | F78: =TRUE() -> TRUE | G78: The patient presents with a blood eosinophil count that is not elevated and a FeNO level of 55.0 ppb. Spirometry is not available. FEV1 increase is 0.0% and 0.0 ml, with a predicted FEV1 increase of 0.0%. PEF variability is 0.0%. Bronchial hyperresponsiveness is not present. | H78: =A78&"|"&B78&"|"&C78 -> gemini|with_guideline|2
A79: gemini | B79: with_guideline | C79: 3 | D79: Asthma | E79: Asthma | F79: =TRUE() -> TRUE | G79: The patient presents with a blood eosinophil count that is elevated and a FeNO level of 55.0 ppb. Spirometry is not available. FEV1 increase is 0.0% and 0.0 ml, with a predicted FEV1 increase of 0.0%. PEF variability is 0.0%. Bronchial hyperresponsiveness is not present. | H79: =A79&"|"&B79&"|"&C79 -> gemini|with_guideline|3
A80: gemini | B80: with_guideline | C80: 4 | D80: Asthma | E80: Asthma | F80: =TRUE() -> TRUE | G80: The patient presents with a blood eosinophil count that is not elevated and a FeNO level of 50.0 ppb. Spirometry is not available. FEV1 increase is 0.0% and 0.0 ml, with a predicted FEV1 increase of 0.0%. PEF variability is 0.0%. Bronchial hyperresponsiveness is not present. | H80: =A80&"|"&B80&"|"&C80 -> gemini|with_guideline|4
A81: gemini | B81: with_guideline | C81: 11 | D81: Asthma | E81: Asthma | F81: =TRUE() -> TRUE | G81: The patient presents with a blood eosinophil count that is not elevated and a FeNO level of 30.0 ppb. Spirometry is available. FEV1 increase is 13.0% and 210.0 ml, with a predicted FEV1 increase of 5.0%. PEF variability is 0.0%. Bronchial hyperresponsiveness is not present. | H81: =A81&"|"&B81&"|"&C81 -> gemini|with_guideline|11
A82: gemini | B82: with_guideline | C82: 12 | D82: Asthma | E82: AlternativeDiagnosis | F82: =FALSE() -> FALSE | G82: The patient presents with a blood eosinophil count that is not elevated and a FeNO level of 30.0 ppb. Spirometry is available. FEV1 increase is 5.0% and 100.0 ml, with a predicted FEV1 increase of 11.0%. PEF variability is 0.0%. Bronchial hyperresponsiveness is not present. | H82: =A82&"|"&B82&"|"&C82 -> gemini|with_guideline|12
A83: gemini | B83: with_guideline | C83: 13 | D83: Asthma | E83: Asthma | F83: =TRUE() -> TRUE | G83: The patient presents with a blood eosinophil count that is not elevated and a FeNO level of 30.0 ppb. Spirometry is available. FEV1 increase is 12.0% and 200.0 ml, with a predicted FEV1 increase of 5.0%. PEF variability is 0.0%. Bronchial hyperresponsiveness is not present. | H83: =A83&"|"&B83&"|"&C83 -> gemini|with_guideline|13
A84: gemini | B84: with_guideline | C84: 21 | D84: Asthma | E84: Asthma | F84: =TRUE() -> TRUE | G84: The patient presents with a blood eosinophil count that is not elevated and a FeNO level of 30.0 ppb. Spirometry is not available. FEV1 increase is 0.0% and 0.0 ml, with a predicted FEV1 increase of 0.0%. PEF variability is 22.0%. Bronchial hyperresponsiveness is not present. | H84: =A84&"|"&B84&"|"&C84 -> gemini|with_guideline|21
A85: gemini | B85: with_guideline | C85: 22 | D85: Asthma | E85: Asthma | F85: =TRUE() -> TRUE | G85: The patient presents with a blood eosinophil count that is not elevated and a FeNO level of 30.0 ppb. Spirometry is not available. FEV1 increase is 0.0% and 0.0 ml, with a predicted FEV1 increase of 0.0%. PEF variability is 20.0%. Bronchial hyperresponsiveness is not present. | H85: =A85&"|"&B85&"|"&C85 -> gemini|with_guideline|22
A86: gemini | B86: with_guideline | C86: 31 | D86: Asthma | E86: Asthma | F86: =TRUE() -> TRUE | G86: The patient presents with a blood eosinophil count that is not elevated and a FeNO level of 30.0 ppb. Spirometry is available. FEV1 increase is 5.0% and 100.0 ml, with a predicted FEV1 increase of 5.0%. PEF variability is 0.0%. Bronchial hyperresponsiveness is present. | H86: =A86&"|"&B86&"|"&C86 -> gemini|with_guideline|31
A87: gemini | B87: with_guideline | C87: 32 | D87: Asthma | E87: Asthma | F87: =TRUE() -> TRUE | G87: The patient presents with a blood eosinophil count that is not elevated and a FeNO level of 30.0 ppb. Spirometry is not available. FEV1 increase is 0.0% and 0.0 ml, with a predicted FEV1 increase of 0.0%. PEF variability is 10.0%. Bronchial hyperresponsiveness is present. | H87: =A87&"|"&B87&"|"&C87 -> gemini|with_guideline|32
A88: gemini | B88: with_guideline | C88: 41 | D88: AlternativeDiagnosis | E88: AlternativeDiagnosis | F88: =TRUE() -> TRUE | G88: The patient presents with a blood eosinophil count that is not elevated and a FeNO level of 30.0 ppb. Spirometry is available. FEV1 increase is 13.0% and 150.0 ml, with a predicted FEV1 increase of 5.0%. PEF variability is 0.0%. Bronchial hyperresponsiveness is not present. | H88: =A88&"|"&B88&"|"&C88 -> gemini|with_guideline|41
A89: gemini | B89: with_guideline | C89: 42 | D89: AlternativeDiagnosis | E89: AlternativeDiagnosis | F89: =TRUE() -> TRUE | G89: The patient presents with a blood eosinophil count that is not elevated and a FeNO level of 30.0 ppb. Spirometry is available. FEV1 increase is 5.0% and 210.0 ml, with a predicted FEV1 increase of 5.0%. PEF variability is 0.0%. Bronchial hyperresponsiveness is not present. | H89: =A89&"|"&B89&"|"&C89 -> gemini|with_guideline|42
A90: gemini | B90: with_guideline | C90: 51 | D90: AlternativeDiagnosis | E90: AlternativeDiagnosis | F90: =TRUE() -> TRUE | G90: The patient presents with a blood eosinophil count that is not elevated and a FeNO level of 30.0 ppb. Spirometry is available. FEV1 increase is 5.0% and 100.0 ml, with a predicted FEV1 increase of 5.0%. PEF variability is 10.0%. Bronchial hyperresponsiveness is not present. | H90: =A90&"|"&B90&"|"&C90 -> gemini|with_guideline|51
A91: gemini | B91: with_guideline | C91: 52 | D91: AlternativeDiagnosis | E91: AlternativeDiagnosis | F91: =TRUE() -> TRUE | G91: The patient presents with a blood eosinophil count that is not elevated and a FeNO level of 30.0 ppb. Spirometry is not available. FEV1 increase is 0.0% and 0.0 ml, with a predicted FEV1 increase of 0.0%. PEF variability is 10.0%. Bronchial hyperresponsiveness is not present. | H91: =A91&"|"&B91&"|"&C91 -> gemini|with_guideline|52
A92: llama | B92: no_guideline | C92: 1 | D92: Asthma | E92: PARSE_ERROR | F92: =FALSE() -> FALSE | G92: The patient presents with a blood eosinophil count that is elevated and a FeNO level of 30.0 ppb. Spirometry is not available. FEV1 increase is 0.0% and 0.0 ml, with a predicted FEV1 increase of 0.0%. PEF variability is 0.0%. Bronchial hyperresponsiveness is not present. | H92: =A92&"|"&B92&"|"&C92 -> llama|no_guideline|1
A93: llama | B93: no_guideline | C93: 2 | D93: Asthma | E93: PARSE_ERROR | F93: =FALSE() -> FALSE | G93: The patient presents with a blood eosinophil count that is not elevated and a FeNO level of 55.0 ppb. Spirometry is not available. FEV1 increase is 0.0% and 0.0 ml, with a predicted FEV1 increase of 0.0%. PEF variability is 0.0%. Bronchial hyperresponsiveness is not present. | H93: =A93&"|"&B93&"|"&C93 -> llama|no_guideline|2
A94: llama | B94: no_guideline | C94: 3 | D94: Asthma | E94: Asthma | F94: =TRUE() -> TRUE | G94: The patient presents with a blood eosinophil count that is elevated and a FeNO level of 55.0 ppb. Spirometry is not available. FEV1 increase is 0.0% and 0.0 ml, with a predicted FEV1 increase of 0.0%. PEF variability is 0.0%. Bronchial hyperresponsiveness is not present. | H94: =A94&"|"&B94&"|"&C94 -> llama|no_guideline|3
A95: llama | B95: no_guideline | C95: 4 | D95: Asthma | E95: PARSE_ERROR | F95: =FALSE() -> FALSE | G95: The patient presents with a blood eosinophil count that is not elevated and a FeNO level of 50.0 ppb. Spirometry is not available. FEV1 increase is 0.0% and 0.0 ml, with a predicted FEV1 increase of 0.0%. PEF variability is 0.0%. Bronchial hyperresponsiveness is not present. | H95: =A95&"|"&B95&"|"&C95 -> llama|no_guideline|4
A96: llama | B96: no_guideline | C96: 11 | D96: Asthma | E96: PARSE_ERROR | F96: =FALSE() -> FALSE | G96: The patient presents with a blood eosinophil count that is not elevated and a FeNO level of 30.0 ppb. Spirometry is available. FEV1 increase is 13.0% and 210.0 ml, with a predicted FEV1 increase of 5.0%. PEF variability is 0.0%. Bronchial hyperresponsiveness is not present. | H96: =A96&"|"&B96&"|"&C96 -> llama|no_guideline|11
A97: llama | B97: no_guideline | C97: 12 | D97: Asthma | E97: PARSE_ERROR | F97: =FALSE() -> FALSE | G97: The patient presents with a blood eosinophil count that is not elevated and a FeNO level of 30.0 ppb. Spirometry is available. FEV1 increase is 5.0% and 100.0 ml, with a predicted FEV1 increase of 11.0%. PEF variability is 0.0%. Bronchial hyperresponsiveness is not present. | H97: =A97&"|"&B97&"|"&C97 -> llama|no_guideline|12
A98: llama | B98: no_guideline | C98: 13 | D98: Asthma | E98: PARSE_ERROR | F98: =FALSE() -> FALSE | G98: The patient presents with a blood eosinophil count that is not elevated and a FeNO level of 30.0 ppb. Spirometry is available. FEV1 increase is 12.0% and 200.0 ml, with a predicted FEV1 increase of 5.0%. PEF variability is 0.0%. Bronchial hyperresponsiveness is not present. | H98: =A98&"|"&B98&"|"&C98 -> llama|no_guideline|13
A99: llama | B99: no_guideline | C99: 21 | D99: Asthma | E99: PARSE_ERROR | F99: =FALSE() -> FALSE | G99: The patient presents with a blood eosinophil count that is not elevated and a FeNO level of 30.0 ppb. Spirometry is not available. FEV1 increase is 0.0% and 0.0 ml, with a predicted FEV1 increase of 0.0%. PEF variability is 22.0%. Bronchial hyperresponsiveness is not present. | H99: =A99&"|"&B99&"|"&C99 -> llama|no_guideline|21
A100: llama | B100: no_guideline | C100: 22 | D100: Asthma | E100: PARSE_ERROR | F100: =FALSE() -> FALSE | G100: The patient presents with a blood eosinophil count that is not elevated and a FeNO level of 30.0 ppb. Spirometry is not available. FEV1 increase is 0.0% and 0.0 ml, with a predicted FEV1 increase of 0.0%. PEF variability is 20.0%. Bronchial hyperresponsiveness is not present. | H100: =A100&"|"&B100&"|"&C100 -> llama|no_guideline|22
A101: llama | B101: no_guideline | C101: 31 | D101: Asthma | E101: PARSE_ERROR | F101: =FALSE() -> FALSE | G101: The patient presents with a blood eosinophil count that is not elevated and a FeNO level of 30.0 ppb. Spirometry is available. FEV1 increase is 5.0% and 100.0 ml, with a predicted FEV1 increase of 5.0%. PEF variability is 0.0%. Bronchial hyperresponsiveness is present. | H101: =A101&"|"&B101&"|"&C101 -> llama|no_guideline|31
A102: llama | B102: no_guideline | C102: 32 | D102: Asthma | E102: PARSE_ERROR | F102: =FALSE() -> FALSE | G102: The patient presents with a blood eosinophil count that is not elevated and a FeNO level of 30.0 ppb. Spirometry is not available. FEV1 increase is 0.0% and 0.0 ml, with a predicted FEV1 increase of 0.0%. PEF variability is 10.0%. Bronchial hyperresponsiveness is present. | H102: =A102&"|"&B102&"|"&C102 -> llama|no_guideline|32
A103: llama | B103: no_guideline | C103: 41 | D103: AlternativeDiagnosis | E103: PARSE_ERROR | F103: =FALSE() -> FALSE | G103: The patient presents with a blood eosinophil count that is not elevated and a FeNO level of 30.0 ppb. Spirometry is available. FEV1 increase is 13.0% and 150.0 ml, with a predicted FEV1 increase of 5.0%. PEF variability is 0.0%. Bronchial hyperresponsiveness is not present. | H103: =A103&"|"&B103&"|"&C103 -> llama|no_guideline|41
A104: llama | B104: no_guideline | C104: 42 | D104: AlternativeDiagnosis | E104: PARSE_ERROR | F104: =FALSE() -> FALSE | G104: The patient presents with a blood eosinophil count that is not elevated and a FeNO level of 30.0 ppb. Spirometry is available. FEV1 increase is 5.0% and 210.0 ml, with a predicted FEV1 increase of 5.0%. PEF variability is 0.0%. Bronchial hyperresponsiveness is not present. | H104: =A104&"|"&B104&"|"&C104 -> llama|no_guideline|42
A105: llama | B105: no_guideline | C105: 51 | D105: AlternativeDiagnosis | E105: PARSE_ERROR | F105: =FALSE() -> FALSE | G105: The patient presents with a blood eosinophil count that is not elevated and a FeNO level of 30.0 ppb. Spirometry is available. FEV1 increase is 5.0% and 100.0 ml, with a predicted FEV1 increase of 5.0%. PEF variability is 10.0%. Bronchial hyperresponsiveness is not present. | H105: =A105&"|"&B105&"|"&C105 -> llama|no_guideline|51
A106: llama | B106: no_guideline | C106: 52 | D106: AlternativeDiagnosis | E106: PARSE_ERROR | F106: =FALSE() -> FALSE | G106: The patient presents with a blood eosinophil count that is not elevated and a FeNO level of 30.0 ppb. Spirometry is not available. FEV1 increase is 0.0% and 0.0 ml, with a predicted FEV1 increase of 0.0%. PEF variability is 10.0%. Bronchial hyperresponsiveness is not present. | H106: =A106&"|"&B106&"|"&C106 -> llama|no_guideline|52
... A121: llama | B121: with_guideline | C121: 52 | D121: AlternativeDiagnosis | E121: PARSE_ERROR | F121: =FALSE() -> FALSE | G121: The patient presents with a blood eosinophil count that is not elevated and a FeNO level of 30.0 ppb. Spirometry is not available. FEV1 increase is 0.0% and 0.0 ml, with a predicted FEV1 increase of 0.0%. PEF variability is 10.0%. Bronchial hyperresponsiveness is not present. | H121: =A121&"|"&B121&"|"&C121 -> llama|with_guideline|52
A124: Model | B124: Prompt | C124: Correct | D124: Total | E124: Accuracy | F124: Parse Errors
A125: gpt | B125: no_guideline | C125: =COUNTIFS(A2:A121,"gpt",B2:B121,"no_guideline",F2:F121,TRUE) -> 8 | D125: 15 | E125: =C125/D125 -> 0.53333333 | F125: =COUNTIFS(A2:A121,"gpt",B2:B121,"no_guideline",E2:E121,"PARSE_ERROR") -> 0
A126: gpt | B126: with_guideline | C126: =COUNTIFS(A2:A121,"gpt",B2:B121,"with_guideline",F2:F121,TRUE) -> 15 | D126: 15 | E126: =C126/D126 -> 1 | F126: =COUNTIFS(A2:A121,"gpt",B2:B121,"with_guideline",E2:E121,"PARSE_ERROR") -> 0
A127: claude | B127: no_guideline | C127: =COUNTIFS(A2:A121,"claude",B2:B121,"no_guideline",F2:F121,TRUE) -> 0 | D127: 15 | E127: =C127/D127 -> 0 | F127: =COUNTIFS(A2:A121,"claude",B2:B121,"no_guideline",E2:E121,"PARSE_ERROR") -> 15
A128: claude | B128: with_guideline | C128: =COUNTIFS(A2:A121,"claude",B2:B121,"with_guideline",F2:F121,TRUE) -> 3 | D128: 15 | E128: =C128/D128 -> 0.2 | F128: =COUNTIFS(A2:A121,"claude",B2:B121,"with_guideline",E2:E121,"PARSE_ERROR") -> 12
A129: gemini | B129: no_guideline | C129: =COUNTIFS(A2:A121,"gemini",B2:B121,"no_guideline",F2:F121,TRUE) -> 5 | D129: 15 | E129: =C129/D129 -> 0.33333333 | F129: =COUNTIFS(A2:A121,"gemini",B2:B121,"no_guideline",E2:E121,"PARSE_ERROR") -> 0
A130: gemini | B130: with_guideline | C130: =COUNTIFS(A2:A121,"gemini",B2:B121,"with_guideline",F2:F121,TRUE) -> 14 | D130: 15 | E130: =C130/D130 -> 0.93333333 | F130: =COUNTIFS(A2:A121,"gemini",B2:B121,"with_guideline",E2:E121,"PARSE_ERROR") -> 0
A131: llama | B131: no_guideline | C131: =COUNTIFS(A2:A121,"llama",B2:B121,"no_guideline",F2:F121,TRUE) -> 1 | D131: 15 | E131: =C131/D131 -> 0.066666667 | F131: =COUNTIFS(A2:A121,"llama",B2:B121,"no_guideline",E2:E121,"PARSE_ERROR") -> 14
A132: llama | B132: with_guideline | C132: =COUNTIFS(A2:A121,"llama",B2:B121,"with_guideline",F2:F121,TRUE) -> 0 | D132: 15 | E132: =C132/D132 -> 0 | F132: =COUNTIFS(A2:A121,"llama",B2:B121,"with_guideline",E2:E121,"PARSE_ERROR") -> 15
D135: Guideline Delta (per model)
D136: Model | E136: No Guideline % | F136: With Guideline % | G136: Delta
D137: gpt | E137: 0.533 | F137: 1 | G137: =IF(OR(E137="N/A",F137="N/A"),"N/A",F137-E137) -> 0.467
...

Sheet hypertension_eval
A1: Model | B1: Prompt | C1: Patient ID | D1: Expected | E1: Model Decision | F1: Correct | G1: Narrative | H1: Key
A2: gpt | B2: no_guideline | C2: 1 | D2: Screen_3y | E2: Screen_3y | F2: =TRUE() -> TRUE | G2: The patient is under 40 years of age and presents with a systolic blood pressure of 110 mmHg and a diastolic blood pressure of 60 mmHg. The patient does not have high cardiovascular risk. | H2: =A2&"|"&B2&"|"&C2 -> gpt|no_guideline|1
A3: gpt | B3: no_guideline | C3: 2 | D3: Screen_1y | E3: Screen_3y | F3: =FALSE() -> FALSE | G3: The patient is aged 40 or older and presents with a systolic blood pressure of 110 mmHg and a diastolic blood pressure of 60 mmHg. The patient does not have high cardiovascular risk. | H3: =A3&"|"&B3&"|"&C3 -> gpt|no_guideline|2
A4: gpt | B4: no_guideline | C4: 11 | D4: Screen_1y | E4: Screen_3y | F4: =FALSE() -> FALSE | G4: The patient is under 40 years of age and presents with a systolic blood pressure of 120 mmHg and a diastolic blood pressure of 70 mmHg. The patient does not have high cardiovascular risk. | H4: =A4&"|"&B4&"|"&C4 -> gpt|no_guideline|11
A5: gpt | B5: no_guideline | C5: 12 | D5: Confirm | E5: Screen_1y | F5: =FALSE() -> FALSE | G5: The patient is under 40 years of age and presents with a systolic blood pressure of 120 mmHg and a diastolic blood pressure of 70 mmHg. The patient has high cardiovascular risk. | H5: =A5&"|"&B5&"|"&C5 -> gpt|no_guideline|12
A6: gpt | B6: no_guideline | C6: 13 | D6: Screen_1y | E6: Screen_3y | F6: =FALSE() -> FALSE | G6: The patient is aged 40 or older and presents with a systolic blood pressure of 120 mmHg and a diastolic blood pressure of 70 mmHg. The patient does not have high cardiovascular risk. | H6: =A6&"|"&B6&"|"&C6 -> gpt|no_guideline|13
A7: gpt | B7: no_guideline | C7: 14 | D7: Confirm | E7: Screen_1y | F7: =FALSE() -> FALSE | G7: The patient is aged 40 or older and presents with a systolic blood pressure of 120 mmHg and a diastolic blood pressure of 70 mmHg. The patient has high cardiovascular risk. | H7: =A7&"|"&B7&"|"&C7 -> gpt|no_guideline|14
A8: gpt | B8: no_guideline | C8: 26 | D8: Confirm | E8: Confirm | F8: =TRUE() -> TRUE | G8: The patient is under 40 years of age and presents with a systolic blood pressure of 140 mmHg and a diastolic blood pressure of 90 mmHg. The patient does not have high cardiovascular risk. | H8: =A8&"|"&B8&"|"&C8 -> gpt|no_guideline|26
A9: gpt | B9: no_guideline | C9: 31 | D9: Confirm | E9: Confirm | F9: =TRUE() -> TRUE | G9: The patient is under 40 years of age and presents with a systolic blood pressure of 118 mmHg and a diastolic blood pressure of 92 mmHg. The patient does not have high cardiovascular risk. | H9: =A9&"|"&B9&"|"&C9 -> gpt|no_guideline|31
A10: gpt | B10: no_guideline | C10: 33 | D10: Confirm | E10: Confirm | F10: =TRUE() -> TRUE | G10: The patient is under 40 years of age and presents with a systolic blood pressure of 152 mmHg and a diastolic blood pressure of 68 mmHg. The patient does not have high cardiovascular risk. | H10: =A10&"|"&B10&"|"&C10 -> gpt|no_guideline|33
A11: gpt | B11: no_guideline | C11: 41 | D11: ConfirmPromptly | E11: ConfirmPromptly | F11: =TRUE() -> TRUE | G11: The patient is under 40 years of age and presents with a systolic blood pressure of 160 mmHg and a diastolic blood pressure of 100 mmHg. The patient does not have high cardiovascular risk. | H11: =A11&"|"&B11&"|"&C11 -> gpt|no_guideline|41
A12: gpt | B12: no_guideline | C12: 44 | D12: ConfirmPromptly | E12: ConfirmPromptly | F12: =TRUE() -> TRUE | G12: The patient is under 40 years of age and presents with a systolic blood pressure of 165 mmHg and a diastolic blood pressure of 90 mmHg. The patient does not have high cardiovascular risk. | H12: =A12&"|"&B12&"|"&C12 -> gpt|no_guideline|44
A13: gpt | B13: no_guideline | C13: 45 | D13: ConfirmPromptly | E13: Confirm | F13: =FALSE() -> FALSE | G13: The patient is aged 40 or older and presents with a systolic blood pressure of 120 mmHg and a diastolic blood pressure of 105 mmHg. The patient does not have high cardiovascular risk. | H13: =A13&"|"&B13&"|"&C13 -> gpt|no_guideline|45
A14: gpt | B14: no_guideline | C14: 51 | D14: EvaluateEmergency | E14: ConfirmPromptly | F14: =FALSE() -> FALSE | G14: The patient is under 40 years of age and presents with a systolic blood pressure of 180 mmHg and a diastolic blood pressure of 110 mmHg. The patient does not have high cardiovascular risk. | H14: =A14&"|"&B14&"|"&C14 -> gpt|no_guideline|51
A15: gpt | B15: no_guideline | C15: 59 | D15: EvaluateEmergency | E15: ConfirmPromptly | F15: =FALSE() -> FALSE | G15: The patient is under 40 years of age and presents with a systolic blood pressure of 180 mmHg and a diastolic blood pressure of 90 mmHg. The patient does not have high cardiovascular risk. | H15: =A15&"|"&B15&"|"&C15 -> gpt|no_guideline|59
A16: gpt | B16: no_guideline | C16: 56 | D16: EvaluateEmergency | E16: Confirm | F16: =FALSE() -> FALSE | G16: The patient is aged 40 or older and presents with a systolic blood pressure of 118 mmHg and a diastolic blood pressure of 110 mmHg. The patient does not have high cardiovascular risk. | H16: =A16&"|"&B16&"|"&C16 -> gpt|no_guideline|56
A17: gpt | B17: with_guideline | C17: 1 | D17: Screen_3y | E17: Screen_3y | F17: =TRUE() -> TRUE | G17: The patient is under 40 years of age and presents with a systolic blood pressure of 110 mmHg and a diastolic blood pressure of 60 mmHg. The patient does not have high cardiovascular risk. | H17: =A17&"|"&B17&"|"&C17 -> gpt|with_guideline|1
A18: gpt | B18: with_guideline | C18: 2 | D18: Screen_1y | E18: Screen_1y | F18: =TRUE() -> TRUE | G18: The patient is aged 40 or older and presents with a systolic blood pressure of 110 mmHg and a diastolic blood pressure of 60 mmHg. The patient does not have high cardiovascular risk. | H18: =A18&"|"&B18&"|"&C18 -> gpt|with_guideline|2
A19: gpt | B19: with_guideline | C19: 11 | D19: Screen_1y | E19: Screen_1y | F19: =TRUE() -> TRUE | G19: The patient is under 40 years of age and presents with a systolic blood pressure of 120 mmHg and a diastolic blood pressure of 70 mmHg. The patient does not have high cardiovascular risk. | H19: =A19&"|"&B19&"|"&C19 -> gpt|with_guideline|11
A20: gpt | B20: with_guideline | C20: 12 | D20: Confirm | E20: Confirm | F20: =TRUE() -> TRUE | G20: The patient is under 40 years of age and presents with a systolic blood pressure of 120 mmHg and a diastolic blood pressure of 70 mmHg. The patient has high cardiovascular risk. | H20: =A20&"|"&B20&"|"&C20 -> gpt|with_guideline|12
A21: gpt | B21: with_guideline | C21: 13 | D21: Screen_1y | E21: Screen_1y | F21: =TRUE() -> TRUE | G21: The patient is aged 40 or older and presents with a systolic blood pressure of 120 mmHg and a diastolic blood pressure of 70 mmHg. The patient does not have high cardiovascular risk. | H21: =A21&"|"&B21&"|"&C21 -> gpt|with_guideline|13
A22: gpt | B22: with_guideline | C22: 14 | D22: Confirm | E22: Confirm | F22: =TRUE() -> TRUE | G22: The patient is aged 40 or older and presents with a systolic blood pressure of 120 mmHg and a diastolic blood pressure of 70 mmHg. The patient has high cardiovascular risk. | H22: =A22&"|"&B22&"|"&C22 -> gpt|with_guideline|14
A23: gpt | B23: with_guideline | C23: 26 | D23: Confirm | E23: Confirm | F23: =TRUE() -> TRUE | G23: The patient is under 40 years of age and presents with a systolic blood pressure of 140 mmHg and a diastolic blood pressure of 90 mmHg. The patient does not have high cardiovascular risk. | H23: =A23&"|"&B23&"|"&C23 -> gpt|with_guideline|26
A24: gpt | B24: with_guideline | C24: 31 | D24: Confirm | E24: Confirm | F24: =TRUE() -> TRUE | G24: The patient is under 40 years of age and presents with a systolic blood pressure of 118 mmHg and a diastolic blood pressure of 92 mmHg. The patient does not have high cardiovascular risk. | H24: =A24&"|"&B24&"|"&C24 -> gpt|with_guideline|31
A25: gpt | B25: with_guideline | C25: 33 | D25: Confirm | E25: Confirm | F25: =TRUE() -> TRUE | G25: The patient is under 40 years of age and presents with a systolic blood pressure of 152 mmHg and a diastolic blood pressure of 68 mmHg. The patient does not have high cardiovascular risk. | H25: =A25&"|"&B25&"|"&C25 -> gpt|with_guideline|33
A26: gpt | B26: with_guideline | C26: 41 | D26: ConfirmPromptly | E26: ConfirmPromptly | F26: =TRUE() -> TRUE | G26: The patient is under 40 years of age and presents with a systolic blood pressure of 160 mmHg and a diastolic blood pressure of 100 mmHg. The patient does not have high cardiovascular risk. | H26: =A26&"|"&B26&"|"&C26 -> gpt|with_guideline|41
A27: gpt | B27: with_guideline | C27: 44 | D27: ConfirmPromptly | E27: ConfirmPromptly | F27: =TRUE() -> TRUE | G27: The patient is under 40 years of age and presents with a systolic blood pressure of 165 mmHg and a diastolic blood pressure of 90 mmHg. The patient does not have high cardiovascular risk. | H27: =A27&"|"&B27&"|"&C27 -> gpt|with_guideline|44
A28: gpt | B28: with_guideline | C28: 45 | D28: ConfirmPromptly | E28: ConfirmPromptly | F28: =TRUE() -> TRUE | G28: The patient is aged 40 or older and presents with a systolic blood pressure of 120 mmHg and a diastolic blood pressure of 105 mmHg. The patient does not have high cardiovascular risk. | H28: =A28&"|"&B28&"|"&C28 -> gpt|with_guideline|45
... A32: claude | B32: no_guideline | C32: 1 | D32: Screen_3y | E32: Screen_3y | F32: =TRUE() -> TRUE | G32: The patient is under 40 years of age and presents with a systolic blood pressure of 110 mmHg and a diastolic blood pressure of 60 mmHg. The patient does not have high cardiovascular risk. | H32: =A32&"|"&B32&"|"&C32 -> claude|no_guideline|1
A33: claude | B33: no_guideline | C33: 2 | D33: Screen_1y | E33: Screen_3y | F33: =FALSE() -> FALSE | G33: The patient is aged 40 or older and presents with a systolic blood pressure of 110 mmHg and a diastolic blood pressure of 60 mmHg. The patient does not have high cardiovascular risk. | H33: =A33&"|"&B33&"|"&C33 -> claude|no_guideline|2
A34: claude | B34: no_guideline | C34: 11 | D34: Screen_1y | E34: Screen_3y | F34: =FALSE() -> FALSE | G34: The patient is under 40 years of age and presents with a systolic blood pressure of 120 mmHg and a diastolic blood pressure of 70 mmHg. The patient does not have high cardiovascular risk. | H34: =A34&"|"&B34&"|"&C34 -> claude|no_guideline|11
A35: claude | B35: no_guideline | C35: 12 | D35: Confirm | E35: PARSE_ERROR | F35: =FALSE() -> FALSE | G35: The patient is under 40 years of age and presents with a systolic blood pressure of 120 mmHg and a diastolic blood pressure of 70 mmHg. The patient has high cardiovascular risk. | H35: =A35&"|"&B35&"|"&C35 -> claude|no_guideline|12
A36: claude | B36: no_guideline | C36: 13 | D36: Screen_1y | E36: PARSE_ERROR | F36: =FALSE() -> FALSE | G36: The patient is aged 40 or older and presents with a systolic blood pressure of 120 mmHg and a diastolic blood pressure of 70 mmHg. The patient does not have high cardiovascular risk. | H36: =A36&"|"&B36&"|"&C36 -> claude|no_guideline|13
A37: claude | B37: no_guideline | C37: 14 | D37: Confirm | E37: PARSE_ERROR | F37: =FALSE() -> FALSE | G37: The patient is aged 40 or older and presents with a systolic blood pressure of 120 mmHg and a diastolic blood pressure of 70 mmHg. The patient has high cardiovascular risk. | H37: =A37&"|"&B37&"|"&C37 -> claude|no_guideline|14
A38: claude | B38: no_guideline | C38: 26 | D38: Confirm | E38: PARSE_ERROR | F38: =FALSE() -> FALSE | G38: The patient is under 40 years of age and presents with a systolic blood pressure of 140 mmHg and a diastolic blood pressure of 90 mmHg. The patient does not have high cardiovascular risk. | H38: =A38&"|"&B38&"|"&C38 -> claude|no_guideline|26
A39: claude | B39: no_guideline | C39: 31 | D39: Confirm | E39: PARSE_ERROR | F39: =FALSE() -> FALSE | G39: The patient is under 40 years of age and presents with a systolic blood pressure of 118 mmHg and a diastolic blood pressure of 92 mmHg. The patient does not have high cardiovascular risk. | H39: =A39&"|"&B39&"|"&C39 -> claude|no_guideline|31
A40: claude | B40: no_guideline | C40: 33 | D40: Confirm | E40: PARSE_ERROR | F40: =FALSE() -> FALSE | G40: The patient is under 40 years of age and presents with a systolic blood pressure of 152 mmHg and a diastolic blood pressure of 68 mmHg. The patient does not have high cardiovascular risk. | H40: =A40&"|"&B40&"|"&C40 -> claude|no_guideline|33
A41: claude | B41: no_guideline | C41: 41 | D41: ConfirmPromptly | E41: ConfirmPromptly | F41: =TRUE() -> TRUE | G41: The patient is under 40 years of age and presents with a systolic blood pressure of 160 mmHg and a diastolic blood pressure of 100 mmHg. The patient does not have high cardiovascular risk. | H41: =A41&"|"&B41&"|"&C41 -> claude|no_guideline|41
A42: claude | B42: no_guideline | C42: 44 | D42: ConfirmPromptly | E42: PARSE_ERROR | F42: =FALSE() -> FALSE | G42: The patient is under 40 years of age and presents with a systolic blood pressure of 165 mmHg and a diastolic blood pressure of 90 mmHg. The patient does not have high cardiovascular risk. | H42: =A42&"|"&B42&"|"&C42 -> claude|no_guideline|44
A43: claude | B43: no_guideline | C43: 45 | D43: ConfirmPromptly | E43: PARSE_ERROR | F43: =FALSE() -> FALSE | G43: The patient is aged 40 or older and presents with a systolic blood pressure of 120 mmHg and a diastolic blood pressure of 105 mmHg. The patient does not have high cardiovascular risk. | H43: =A43&"|"&B43&"|"&C43 -> claude|no_guideline|45
A44: claude | B44: no_guideline | C44: 51 | D44: EvaluateEmergency | E44: PARSE_ERROR | F44: =FALSE() -> FALSE | G44: The patient is under 40 years of age and presents with a systolic blood pressure of 180 mmHg and a diastolic blood pressure of 110 mmHg. The patient does not have high cardiovascular risk. | H44: =A44&"|"&B44&"|"&C44 -> claude|no_guideline|51
A45: claude | B45: no_guideline | C45: 59 | D45: EvaluateEmergency | E45: PARSE_ERROR | F45: =FALSE() -> FALSE | G45: The patient is under 40 years of age and presents with a systolic blood pressure of 180 mmHg and a diastolic blood pressure of 90 mmHg. The patient does not have high cardiovascular risk. | H45: =A45&"|"&B45&"|"&C45 -> claude|no_guideline|59
A46: claude | B46: no_guideline | C46: 56 | D46: EvaluateEmergency | E46: PARSE_ERROR | F46: =FALSE() -> FALSE | G46: The patient is aged 40 or older and presents with a systolic blood pressure of 118 mmHg and a diastolic blood pressure of 110 mmHg. The patient does not have high cardiovascular risk. | H46: =A46&"|"&B46&"|"&C46 -> claude|no_guideline|56
A47: claude | B47: with_guideline | C47: 1 | D47: Screen_3y | E47: Screen_3y | F47: =TRUE() -> TRUE | G47: The patient is under 40 years of age and presents with a systolic blood pressure of 110 mmHg and a diastolic blood pressure of 60 mmHg. The patient does not have high cardiovascular risk. | H47: =A47&"|"&B47&"|"&C47 -> claude|with_guideline|1
A48: claude | B48: with_guideline | C48: 2 | D48: Screen_1y | E48: Screen_1y | F48: =TRUE() -> TRUE | G48: The patient is aged 40 or older and presents with a systolic blood pressure of 110 mmHg and a diastolic blood pressure of 60 mmHg. The patient does not have high cardiovascular risk. | H48: =A48&"|"&B48&"|"&C48 -> claude|with_guideline|2
A49: claude | B49: with_guideline | C49: 11 | D49: Screen_1y | E49: Screen_1y | F49: =TRUE() -> TRUE | G49: The patient is under 40 years of age and presents with a systolic blood pressure of 120 mmHg and a diastolic blood pressure of 70 mmHg. The patient does not have high cardiovascular risk. | H49: =A49&"|"&B49&"|"&C49 -> claude|with_guideline|11
A50: claude | B50: with_guideline | C50: 12 | D50: Confirm | E50: PARSE_ERROR | F50: =FALSE() -> FALSE | G50: The patient is under 40 years of age and presents with a systolic blood pressure of 120 mmHg and a diastolic blood pressure of 70 mmHg. The patient has high cardiovascular risk. | H50: =A50&"|"&B50&"|"&C50 -> claude|with_guideline|12
A51: claude | B51: with_guideline | C51: 13 | D51: Screen_1y | E51: Screen_1y | F51: =TRUE() -> TRUE | G51: The patient is aged 40 or older and presents with a systolic blood pressure of 120 mmHg and a diastolic blood pressure of 70 mmHg. The patient does not have high cardiovascular risk. | H51: =A51&"|"&B51&"|"&C51 -> claude|with_guideline|13
A52: claude | B52: with_guideline | C52: 14 | D52: Confirm | E52: PARSE_ERROR | F52: =FALSE() -> FALSE | G52: The patient is aged 40 or older and presents with a systolic blood pressure of 120 mmHg and a diastolic blood pressure of 70 mmHg. The patient has high cardiovascular risk. | H52: =A52&"|"&B52&"|"&C52 -> claude|with_guideline|14
A53: claude | B53: with_guideline | C53: 26 | D53: Confirm | E53: Confirm | F53: =TRUE() -> TRUE | G53: The patient is under 40 years of age and presents with a systolic blood pressure of 140 mmHg and a diastolic blood pressure of 90 mmHg. The patient does not have high cardiovascular risk. | H53: =A53&"|"&B53&"|"&C53 -> claude|with_guideline|26
A54: claude | B54: with_guideline | C54: 31 | D54: Confirm | E54: PARSE_ERROR | F54: =FALSE() -> FALSE | G54: The patient is under 40 years of age and presents with a systolic blood pressure of 118 mmHg and a diastolic blood pressure of 92 mmHg. The patient does not have high cardiovascular risk. | H54: =A54&"|"&B54&"|"&C54 -> claude|with_guideline|31
A55: claude | B55: with_guideline | C55: 33 | D55: Confirm | E55: Confirm | F55: =TRUE() -> TRUE | G55: The patient is under 40 years of age and presents with a systolic blood pressure of 152 mmHg and a diastolic blood pressure of 68 mmHg. The patient does not have high cardiovascular risk. | H55: =A55&"|"&B55&"|"&C55 -> claude|with_guideline|33
A56: claude | B56: with_guideline | C56: 41 | D56: ConfirmPromptly | E56: ConfirmPromptly | F56: =TRUE() -> TRUE | G56: The patient is under 40 years of age and presents with a systolic blood pressure of 160 mmHg and a diastolic blood pressure of 100 mmHg. The patient does not have high cardiovascular risk. | H56: =A56&"|"&B56&"|"&C56 -> claude|with_guideline|41
A57: claude | B57: with_guideline | C57: 44 | D57: ConfirmPromptly | E57: ConfirmPromptly | F57: =TRUE() -> TRUE | G57: The patient is under 40 years of age and presents with a systolic blood pressure of 165 mmHg and a diastolic blood pressure of 90 mmHg. The patient does not have high cardiovascular risk. | H57: =A57&"|"&B57&"|"&C57 -> claude|with_guideline|44
A58: claude | B58: with_guideline | C58: 45 | D58: ConfirmPromptly | E58: PARSE_ERROR | F58: =FALSE() -> FALSE | G58: The patient is aged 40 or older and presents with a systolic blood pressure of 120 mmHg and a diastolic blood pressure of 105 mmHg. The patient does not have high cardiovascular risk. | H58: =A58&"|"&B58&"|"&C58 -> claude|with_guideline|45
A59: claude | B59: with_guideline | C59: 51 | D59: EvaluateEmergency | E59: EvaluateEmergency | F59: =TRUE() -> TRUE | G59: The patient is under 40 years of age and presents with a systolic blood pressure of 180 mmHg and a diastolic blood pressure of 110 mmHg. The patient does not have high cardiovascular risk. | H59: =A59&"|"&B59&"|"&C59 -> claude|with_guideline|51
A60: claude | B60: with_guideline | C60: 59 | D60: EvaluateEmergency | E60: EvaluateEmergency | F60: =TRUE() -> TRUE | G60: The patient is under 40 years of age and presents with a systolic blood pressure of 180 mmHg and a diastolic blood pressure of 90 mmHg. The patient does not have high cardiovascular risk. | H60: =A60&"|"&B60&"|"&C60 -> claude|with_guideline|59
A61: claude | B61: with_guideline | C61: 56 | D61: EvaluateEmergency | E61: PARSE_ERROR | F61: =FALSE() -> FALSE | G61: The patient is aged 40 or older and presents with a systolic blood pressure of 118 mmHg and a diastolic blood pressure of 110 mmHg. The patient does not have high cardiovascular risk. | H61: =A61&"|"&B61&"|"&C61 -> claude|with_guideline|56
A62: gemini | B62: no_guideline | C62: 1 | D62: Screen_3y | E62: Screen_3y | F62: =TRUE() -> TRUE | G62: The patient is under 40 years of age and presents with a systolic blood pressure of 110 mmHg and a diastolic blood pressure of 60 mmHg. The patient does not have high cardiovascular risk. | H62: =A62&"|"&B62&"|"&C62 -> gemini|no_guideline|1
A63: gemini | B63: no_guideline | C63: 2 | D63: Screen_1y | E63: Screen_3y | F63: =FALSE() -> FALSE | G63: The patient is aged 40 or older and presents with a systolic blood pressure of 110 mmHg and a diastolic blood pressure of 60 mmHg. The patient does not have high cardiovascular risk. | H63: =A63&"|"&B63&"|"&C63 -> gemini|no_guideline|2
A64: gemini | B64: no_guideline | C64: 11 | D64: Screen_1y | E64: Screen_3y | F64: =FALSE() -> FALSE | G64: The patient is under 40 years of age and presents with a systolic blood pressure of 120 mmHg and a diastolic blood pressure of 70 mmHg. The patient does not have high cardiovascular risk. | H64: =A64&"|"&B64&"|"&C64 -> gemini|no_guideline|11
A65: gemini | B65: no_guideline | C65: 12 | D65: Confirm | E65: Screen_1y | F65: =FALSE() -> FALSE | G65: The patient is under 40 years of age and presents with a systolic blood pressure of 120 mmHg and a diastolic blood pressure of 70 mmHg. The patient has high cardiovascular risk. | H65: =A65&"|"&B65&"|"&C65 -> gemini|no_guideline|12
A66: gemini | B66: no_guideline | C66: 13 | D66: Screen_1y | E66: Screen_3y | F66: =FALSE() -> FALSE | G66: The patient is aged 40 or older and presents with a systolic blood pressure of 120 mmHg and a diastolic blood pressure of 70 mmHg. The patient does not have high cardiovascular risk. | H66: =A66&"|"&B66&"|"&C66 -> gemini|no_guideline|13
A67: gemini | B67: no_guideline | C67: 14 | D67: Confirm | E67: Screen_1y | F67: =FALSE() -> FALSE | G67: The patient is aged 40 or older and presents with a systolic blood pressure of 120 mmHg and a diastolic blood pressure of 70 mmHg. The patient has high cardiovascular risk. | H67: =A67&"|"&B67&"|"&C67 -> gemini|no_guideline|14
A68: gemini | B68: no_guideline | C68: 26 | D68: Confirm | E68: Confirm | F68: =TRUE() -> TRUE | G68: The patient is under 40 years of age and presents with a systolic blood pressure of 140 mmHg and a diastolic blood pressure of 90 mmHg. The patient does not have high cardiovascular risk. | H68: =A68&"|"&B68&"|"&C68 -> gemini|no_guideline|26
A69: gemini | B69: no_guideline | C69: 31 | D69: Confirm | E69: Screen_1y | F69: =FALSE() -> FALSE | G69: The patient is under 40 years of age and presents with a systolic blood pressure of 118 mmHg and a diastolic blood pressure of 92 mmHg. The patient does not have high cardiovascular risk. | H69: =A69&"|"&B69&"|"&C69 -> gemini|no_guideline|31
A70: gemini | B70: no_guideline | C70: 33 | D70: Confirm | E70: Confirm | F70: =TRUE() -> TRUE | G70: The patient is under 40 years of age and presents with a systolic blood pressure of 152 mmHg and a diastolic blood pressure of 68 mmHg. The patient does not have high cardiovascular risk. | H70: =A70&"|"&B70&"|"&C70 -> gemini|no_guideline|33
A71: gemini | B71: no_guideline | C71: 41 | D71: ConfirmPromptly | E71: ConfirmPromptly | F71: =TRUE() -> TRUE | G71: The patient is under 40 years of age and presents with a systolic blood pressure of 160 mmHg and a diastolic blood pressure of 100 mmHg. The patient does not have high cardiovascular risk. | H71: =A71&"|"&B71&"|"&C71 -> gemini|no_guideline|41
A72: gemini | B72: no_guideline | C72: 44 | D72: ConfirmPromptly | E72: ConfirmPromptly | F72: =TRUE() -> TRUE | G72: The patient is under 40 years of age and presents with a systolic blood pressure of 165 mmHg and a diastolic blood pressure of 90 mmHg. The patient does not have high cardiovascular risk. | H72: =A72&"|"&B72&"|"&C72 -> gemini|no_guideline|44
A73: gemini | B73: no_guideline | C73: 45 | D73: ConfirmPromptly | E73: ConfirmPromptly | F73: =TRUE() -> TRUE | G73: The patient is aged 40 or older and presents with a systolic blood pressure of 120 mmHg and a diastolic blood pressure of 105 mmHg. The patient does not have high cardiovascular risk. | H73: =A73&"|"&B73&"|"&C73 -> gemini|no_guideline|45
A74: gemini | B74: no_guideline | C74: 51 | D74: EvaluateEmergency | E74: ConfirmPromptly | F74: =FALSE() -> FALSE | G74: The patient is under 40 years of age and presents with a systolic blood pressure of 180 mmHg and a diastolic blood pressure of 110 mmHg. The patient does not have high cardiovascular risk. | H74: =A74&"|"&B74&"|"&C74 -> gemini|no_guideline|51
A75: gemini | B75: no_guideline | C75: 59 | D75: EvaluateEmergency | E75: ConfirmPromptly | F75: =FALSE() -> FALSE | G75: The patient is under 40 years of age and presents with a systolic blood pressure of 180 mmHg and a diastolic blood pressure of 90 mmHg. The patient does not have high cardiovascular risk. | H75: =A75&"|"&B75&"|"&C75 -> gemini|no_guideline|59
A76: gemini | B76: no_guideline | C76: 56 | D76: EvaluateEmergency | E76: ConfirmPromptly | F76: =FALSE() -> FALSE | G76: The patient is aged 40 or older and presents with a systolic blood pressure of 118 mmHg and a diastolic blood pressure of 110 mmHg. The patient does not have high cardiovascular risk. | H76: =A76&"|"&B76&"|"&C76 -> gemini|no_guideline|56
A77: gemini | B77: with_guideline | C77: 1 | D77: Screen_3y | E77: Screen_3y | F77: =TRUE() -> TRUE | G77: The patient is under 40 years of age and presents with a systolic blood pressure of 110 mmHg and a diastolic blood pressure of 60 mmHg. The patient does not have high cardiovascular risk. | H77: =A77&"|"&B77&"|"&C77 -> gemini|with_guideline|1
A78: gemini | B78: with_guideline | C78: 2 | D78: Screen_1y | E78: Screen_1y | F78: =TRUE() -> TRUE | G78: The patient is aged 40 or older and presents with a systolic blood pressure of 110 mmHg and a diastolic blood pressure of 60 mmHg. The patient does not have high cardiovascular risk. | H78: =A78&"|"&B78&"|"&C78 -> gemini|with_guideline|2
A79: gemini | B79: with_guideline | C79: 11 | D79: Screen_1y | E79: Screen_1y | F79: =TRUE() -> TRUE | G79: The patient is under 40 years of age and presents with a systolic blood pressure of 120 mmHg and a diastolic blood pressure of 70 mmHg. The patient does not have high cardiovascular risk. | H79: =A79&"|"&B79&"|"&C79 -> gemini|with_guideline|11
A80: gemini | B80: with_guideline | C80: 12 | D80: Confirm | E80: Confirm | F80: =TRUE() -> TRUE | G80: The patient is under 40 years of age and presents with a systolic blood pressure of 120 mmHg and a diastolic blood pressure of 70 mmHg. The patient has high cardiovascular risk. | H80: =A80&"|"&B80&"|"&C80 -> gemini|with_guideline|12
A81: gemini | B81: with_guideline | C81: 13 | D81: Screen_1y | E81: Screen_1y | F81: =TRUE() -> TRUE | G81: The patient is aged 40 or older and presents with a systolic blood pressure of 120 mmHg and a diastolic blood pressure of 70 mmHg. The patient does not have high cardiovascular risk. | H81: =A81&"|"&B81&"|"&C81 -> gemini|with_guideline|13
A82: gemini | B82: with_guideline | C82: 14 | D82: Confirm | E82: Confirm | F82: =TRUE() -> TRUE | G82: The patient is aged 40 or older and presents with a systolic blood pressure of 120 mmHg and a diastolic blood pressure of 70 mmHg. The patient has high cardiovascular risk. | H82: =A82&"|"&B82&"|"&C82 -> gemini|with_guideline|14
A83: gemini | B83: with_guideline | C83: 26 | D83: Confirm | E83: Confirm | F83: =TRUE() -> TRUE | G83: The patient is under 40 years of age and presents with a systolic blood pressure of 140 mmHg and a diastolic blood pressure of 90 mmHg. The patient does not have high cardiovascular risk. | H83: =A83&"|"&B83&"|"&C83 -> gemini|with_guideline|26
A84: gemini | B84: with_guideline | C84: 31 | D84: Confirm | E84: Confirm | F84: =TRUE() -> TRUE | G84: The patient is under 40 years of age and presents with a systolic blood pressure of 118 mmHg and a diastolic blood pressure of 92 mmHg. The patient does not have high cardiovascular risk. | H84: =A84&"|"&B84&"|"&C84 -> gemini|with_guideline|31
A85: gemini | B85: with_guideline | C85: 33 | D85: Confirm | E85: Confirm | F85: =TRUE() -> TRUE | G85: The patient is under 40 years of age and presents with a systolic blood pressure of 152 mmHg and a diastolic blood pressure of 68 mmHg. The patient does not have high cardiovascular risk. | H85: =A85&"|"&B85&"|"&C85 -> gemini|with_guideline|33
A86: gemini | B86: with_guideline | C86: 41 | D86: ConfirmPromptly | E86: ConfirmPromptly | F86: =TRUE() -> TRUE | G86: The patient is under 40 years of age and presents with a systolic blood pressure of 160 mmHg and a diastolic blood pressure of 100 mmHg. The patient does not have high cardiovascular risk. | H86: =A86&"|"&B86&"|"&C86 -> gemini|with_guideline|41
A87: gemini | B87: with_guideline | C87: 44 | D87: ConfirmPromptly | E87: ConfirmPromptly | F87: =TRUE() -> TRUE | G87: The patient is under 40 years of age and presents with a systolic blood pressure of 165 mmHg and a diastolic blood pressure of 90 mmHg. The patient does not have high cardiovascular risk. | H87: =A87&"|"&B87&"|"&C87 -> gemini|with_guideline|44
A88: gemini | B88: with_guideline | C88: 45 | D88: ConfirmPromptly | E88: ConfirmPromptly | F88: =TRUE() -> TRUE | G88: The patient is aged 40 or older and presents with a systolic blood pressure of 120 mmHg and a diastolic blood pressure of 105 mmHg. The patient does not have high cardiovascular risk. | H88: =A88&"|"&B88&"|"&C88 -> gemini|with_guideline|45
... A92: llama | B92: no_guideline | C92: 1 | D92: Screen_3y | E92: Screen_3y | F92: =TRUE() -> TRUE | G92: The patient is under 40 years of age and presents with a systolic blood pressure of 110 mmHg and a diastolic blood pressure of 60 mmHg. The patient does not have high cardiovascular risk. | H92: =A92&"|"&B92&"|"&C92 -> llama|no_guideline|1
A93: llama | B93: no_guideline | C93: 2 | D93: Screen_1y | E93: Screen_3y | F93: =FALSE() -> FALSE | G93: The patient is aged 40 or older and presents with a systolic blood pressure of 110 mmHg and a diastolic blood pressure of 60 mmHg. The patient does not have high cardiovascular risk. | H93: =A93&"|"&B93&"|"&C93 -> llama|no_guideline|2
A94: llama | B94: no_guideline | C94: 11 | D94: Screen_1y | E94: Screen_3y | F94: =FALSE() -> FALSE | G94: The patient is under 40 years of age and presents with a systolic blood pressure of 120 mmHg and a diastolic blood pressure of 70 mmHg. The patient does not have high cardiovascular risk. | H94: =A94&"|"&B94&"|"&C94 -> llama|no_guideline|11
A95: llama | B95: no_guideline | C95: 12 | D95: Confirm | E95: Screen_1y | F95: =FALSE() -> FALSE | G95: The patient is under 40 years of age and presents with a systolic blood pressure of 120 mmHg and a diastolic blood pressure of 70 mmHg. The patient has high cardiovascular risk. | H95: =A95&"|"&B95&"|"&C95 -> llama|no_guideline|12
A96: llama | B96: no_guideline | C96: 13 | D96: Screen_1y | E96: Screen_3y | F96: =FALSE() -> FALSE | G96: The patient is aged 40 or older and presents with a systolic blood pressure of 120 mmHg and a diastolic blood pressure of 70 mmHg. The patient does not have high cardiovascular risk. | H96: =A96&"|"&B96&"|"&C96 -> llama|no_guideline|13
A97: llama | B97: no_guideline | C97: 14 | D97: Confirm | E97: Screen_1y | F97: =FALSE() -> FALSE | G97: The patient is aged 40 or older and presents with a systolic blood pressure of 120 mmHg and a diastolic blood pressure of 70 mmHg. The patient has high cardiovascular risk. | H97: =A97&"|"&B97&"|"&C97 -> llama|no_guideline|14
A98: llama | B98: no_guideline | C98: 26 | D98: Confirm | E98: Confirm | F98: =TRUE() -> TRUE | G98: The patient is under 40 years of age and presents with a systolic blood pressure of 140 mmHg and a diastolic blood pressure of 90 mmHg. The patient does not have high cardiovascular risk. | H98: =A98&"|"&B98&"|"&C98 -> llama|no_guideline|26
A99: llama | B99: no_guideline | C99: 31 | D99: Confirm | E99: PARSE_ERROR | F99: =FALSE() -> FALSE | G99: The patient is under 40 years of age and presents with a systolic blood pressure of 118 mmHg and a diastolic blood pressure of 92 mmHg. The patient does not have high cardiovascular risk. | H99: =A99&"|"&B99&"|"&C99 -> llama|no_guideline|31
A100: llama | B100: no_guideline | C100: 33 | D100: Confirm | E100: PARSE_ERROR | F100: =FALSE() -> FALSE | G100: The patient is under 40 years of age and presents with a systolic blood pressure of 152 mmHg and a diastolic blood pressure of 68 mmHg. The patient does not have high cardiovascular risk. | H100: =A100&"|"&B100&"|"&C100 -> llama|no_guideline|33
A101: llama | B101: no_guideline | C101: 41 | D101: ConfirmPromptly | E101: ConfirmPromptly | F101: =TRUE() -> TRUE | G101: The patient is under 40 years of age and presents with a systolic blood pressure of 160 mmHg and a diastolic blood pressure of 100 mmHg. The patient does not have high cardiovascular risk. | H101: =A101&"|"&B101&"|"&C101 -> llama|no_guideline|41
A102: llama | B102: no_guideline | C102: 44 | D102: ConfirmPromptly | E102: ConfirmPromptly | F102: =TRUE() -> TRUE | G102: The patient is under 40 years of age and presents with a systolic blood pressure of 165 mmHg and a diastolic blood pressure of 90 mmHg. The patient does not have high cardiovascular risk. | H102: =A102&"|"&B102&"|"&C102 -> llama|no_guideline|44
A103: llama | B103: no_guideline | C103: 45 | D103: ConfirmPromptly | E103: PARSE_ERROR | F103: =FALSE() -> FALSE | G103: The patient is aged 40 or older and presents with a systolic blood pressure of 120 mmHg and a diastolic blood pressure of 105 mmHg. The patient does not have high cardiovascular risk. | H103: =A103&"|"&B103&"|"&C103 -> llama|no_guideline|45
A104: llama | B104: no_guideline | C104: 51 | D104: EvaluateEmergency | E104: ConfirmPromptly | F104: =FALSE() -> FALSE | G104: The patient is under 40 years of age and presents with a systolic blood pressure of 180 mmHg and a diastolic blood pressure of 110 mmHg. The patient does not have high cardiovascular risk. | H104: =A104&"|"&B104&"|"&C104 -> llama|no_guideline|51
A105: llama | B105: no_guideline | C105: 59 | D105: EvaluateEmergency | E105: ConfirmPromptly | F105: =FALSE() -> FALSE | G105: The patient is under 40 years of age and presents with a systolic blood pressure of 180 mmHg and a diastolic blood pressure of 90 mmHg. The patient does not have high cardiovascular risk. | H105: =A105&"|"&B105&"|"&C105 -> llama|no_guideline|59
A106: llama | B106: no_guideline | C106: 56 | D106: EvaluateEmergency | E106: ConfirmPromptly | F106: =FALSE() -> FALSE | G106: The patient is aged 40 or older and presents with a systolic blood pressure of 118 mmHg and a diastolic blood pressure of 110 mmHg. The patient does not have high cardiovascular risk. | H106: =A106&"|"&B106&"|"&C106 -> llama|no_guideline|56
...

Sheet curb_eval
A1: Model | B1: Prompt | C1: Patient ID | D1: Expected | E1: Model Decision | F1: Correct | G1: Narrative | H1: Key
A2: gpt | B2: no_guideline | C2: 1 | D2: Group1 | E2: Group1 | F2: =TRUE() -> TRUE | G2: The patient has an Abbreviated Mental Test Score (AMTS) of 10 out of 10. Blood urea is 5.0 mmol/L. Respiratory rate is 16 breaths per minute. Blood pressure is 120/80 mmHg. The patient is younger than 65 years of age. | H2: =A2&"|"&B2&"|"&C2 -> gpt|no_guideline|1
A3: gpt | B3: no_guideline | C3: 11 | D3: Group1 | E3: Group1 | F3: =TRUE() -> TRUE | G3: The patient has an Abbreviated Mental Test Score (AMTS) of 9 out of 10. Blood urea is 5.0 mmol/L. Respiratory rate is 16 breaths per minute. Blood pressure is 120/80 mmHg. The patient is 65 years of age or older. | H3: =A3&"|"&B3&"|"&C3 -> gpt|no_guideline|11
A4: gpt | B4: no_guideline | C4: 12 | D4: Group2 | E4: Group2 | F4: =TRUE() -> TRUE | G4: The patient has an Abbreviated Mental Test Score (AMTS) of 8 out of 10. Blood urea is 5.0 mmol/L. Respiratory rate is 16 breaths per minute. Blood pressure is 120/80 mmHg. The patient is 65 years of age or older. | H4: =A4&"|"&B4&"|"&C4 -> gpt|no_guideline|12
A5: gpt | B5: no_guideline | C5: 13 | D5: Group1 | E5: Group1 | F5: =TRUE() -> TRUE | G5: The patient has an Abbreviated Mental Test Score (AMTS) of 10 out of 10. Blood urea is 7.0 mmol/L. Respiratory rate is 16 breaths per minute. Blood pressure is 120/80 mmHg. The patient is 65 years of age or older. | H5: =A5&"|"&B5&"|"&C5 -> gpt|no_guideline|13
A6: gpt | B6: no_guideline | C6: 14 | D6: Group2 | E6: Group2 | F6: =TRUE() -> TRUE | G6: The patient has an Abbreviated Mental Test Score (AMTS) of 10 out of 10. Blood urea is 7.1 mmol/L. Respiratory rate is 16 breaths per minute. Blood pressure is 120/80 mmHg. The patient is 65 years of age or older. | H6: =A6&"|"&B6&"|"&C6 -> gpt|no_guideline|14
A7: gpt | B7: no_guideline | C7: 15 | D7: Group1 | E7: Group2 | F7: =FALSE() -> FALSE | G7: The patient has an Abbreviated Mental Test Score (AMTS) of 10 out of 10. Blood urea is 5.0 mmol/L. Respiratory rate is 29 breaths per minute. Blood pressure is 120/80 mmHg. The patient is 65 years of age or older. | H7: =A7&"|"&B7&"|"&C7 -> gpt|no_guideline|15
A8: gpt | B8: no_guideline | C8: 16 | D8: Group2 | E8: Group2 | F8: =TRUE() -> TRUE | G8: The patient has an Abbreviated Mental Test Score (AMTS) of 10 out of 10. Blood urea is 5.0 mmol/L. Respiratory rate is 30 breaths per minute. Blood pressure is 120/80 mmHg. The patient is 65 years of age or older. | H8: =A8&"|"&B8&"|"&C8 -> gpt|no_guideline|16
A9: gpt | B9: no_guideline | C9: 17 | D9: Group1 | E9: Group1 | F9: =TRUE() -> TRUE | G9: The patient has an Abbreviated Mental Test Score (AMTS) of 10 out of 10. Blood urea is 5.0 mmol/L. Respiratory rate is 16 breaths per minute. Blood pressure is 120/61 mmHg. The patient is 65 years of age or older. | H9: =A9&"|"&B9&"|"&C9 -> gpt|no_guideline|17
A10: gpt | B10: no_guideline | C10: 18 | D10: Group2 | E10: Group1 | F10: =FALSE() -> FALSE | G10: The patient has an Abbreviated Mental Test Score (AMTS) of 10 out of 10. Blood urea is 5.0 mmol/L. Respiratory rate is 16 breaths per minute. Blood pressure is 120/60 mmHg. The patient is 65 years of age or older. | H10: =A10&"|"&B10&"|"&C10 -> gpt|no_guideline|18
A11: gpt | B11: no_guideline | C11: 19 | D11: Group1 | E11: Group2 | F11: =FALSE() -> FALSE | G11: The patient has an Abbreviated Mental Test Score (AMTS) of 10 out of 10. Blood urea is 5.0 mmol/L. Respiratory rate is 16 breaths per minute. Blood pressure is 90/80 mmHg. The patient is 65 years of age or older. | H11: =A11&"|"&B11&"|"&C11 -> gpt|no_guideline|19
A12: gpt | B12: no_guideline | C12: 20 | D12: Group2 | E12: Group2 | F12: =TRUE() -> TRUE | G12: The patient has an Abbreviated Mental Test Score (AMTS) of 10 out of 10. Blood urea is 5.0 mmol/L. Respiratory rate is 16 breaths per minute. Blood pressure is 89/80 mmHg. The patient is 65 years of age or older. | H12: =A12&"|"&B12&"|"&C12 -> gpt|no_guideline|20
A13: gpt | B13: no_guideline | C13: 21 | D13: Group2 | E13: Group2 | F13: =TRUE() -> TRUE | G13: The patient has an Abbreviated Mental Test Score (AMTS) of 10 out of 10. Blood urea is 5.0 mmol/L. Respiratory rate is 16 breaths per minute. Blood pressure is 85/55 mmHg. The patient is 65 years of age or older. | H13: =A13&"|"&B13&"|"&C13 -> gpt|no_guideline|21
A14: gpt | B14: no_guideline | C14: 22 | D14: Group1 | E14: Group1 | F14: =TRUE() -> TRUE | G14: The patient has an Abbreviated Mental Test Score (AMTS) of 8 out of 10. Blood urea is 5.0 mmol/L. Respiratory rate is 16 breaths per minute. Blood pressure is 120/80 mmHg. The patient is younger than 65 years of age. | H14: =A14&"|"&B14&"|"&C14 -> gpt|no_guideline|22
A15: gpt | B15: no_guideline | C15: 31 | D15: Group2 | E15: Group1 | F15: =FALSE() -> FALSE | G15: The patient has an Abbreviated Mental Test Score (AMTS) of 8 out of 10. Blood urea is 8.0 mmol/L. Respiratory rate is 16 breaths per minute. Blood pressure is 120/80 mmHg. The patient is younger than 65 years of age. | H15: =A15&"|"&B15&"|"&C15 -> gpt|no_guideline|31
A16: gpt | B16: no_guideline | C16: 32 | D16: Group3 | E16: Group2 | F16: =FALSE() -> FALSE | G16: The patient has an Abbreviated Mental Test Score (AMTS) of 8 out of 10. Blood urea is 8.0 mmol/L. Respiratory rate is 32 breaths per minute. Blood pressure is 120/80 mmHg. The patient is younger than 65 years of age. | H16: =A16&"|"&B16&"|"&C16 -> gpt|no_guideline|32
A17: gpt | B17: no_guideline | C17: 41 | D17: Group3 | E17: Group3 | F17: =TRUE() -> TRUE | G17: The patient has an Abbreviated Mental Test Score (AMTS) of 5 out of 10. Blood urea is 10.0 mmol/L. Respiratory rate is 35 breaths per minute. Blood pressure is 85/70 mmHg. The patient is younger than 65 years of age. | H17: =A17&"|"&B17&"|"&C17 -> gpt|no_guideline|41
A18: gpt | B18: no_guideline | C18: 42 | D18: Group3 | E18: Group3 | F18: =TRUE() -> TRUE | G18: The patient has an Abbreviated Mental Test Score (AMTS) of 3 out of 10. Blood urea is 12.0 mmol/L. Respiratory rate is 40 breaths per minute. Blood pressure is 80/50 mmHg. The patient is 65 years of age or older. | H18: =A18&"|"&B18&"|"&C18 -> gpt|no_guideline|42
A19: gpt | B19: no_guideline | C19: 51 | D19: Group2 | E19: Group2 | F19: =TRUE() -> TRUE | G19: The patient has an Abbreviated Mental Test Score (AMTS) of 6 out of 10. Blood urea is 5.0 mmol/L. Respiratory rate is 18 breaths per minute. Blood pressure is 130/75 mmHg. The patient is 65 years of age or older. | H19: =A19&"|"&B19&"|"&C19 -> gpt|no_guideline|51
A20: gpt | B20: no_guideline | C20: 52 | D20: Group2 | E20: Group3 | F20: =FALSE() -> FALSE | G20: The patient has an Abbreviated Mental Test Score (AMTS) of 10 out of 10. Blood urea is 4.0 mmol/L. Respiratory rate is 34 breaths per minute. Blood pressure is 82/55 mmHg. The patient is younger than 65 years of age. | H20: =A20&"|"&B20&"|"&C20 -> gpt|no_guideline|52
A21: gpt | B21: no_guideline | C21: 61 | D21: Group1 | E21: Group1 | F21: =TRUE() -> TRUE | G21: The patient has an Abbreviated Mental Test Score (AMTS) of 10 out of 10. Blood urea is 5.0 mmol/L. Respiratory rate is 16 breaths per minute. Blood pressure is 120/61 mmHg. The patient is 65 years of age or older. | H21: =A21&"|"&B21&"|"&C21 -> gpt|no_guideline|61
A22: gpt | B22: no_guideline | C22: 62 | D22: Group2 | E22: Group2 | F22: =TRUE() -> TRUE | G22: The patient has an Abbreviated Mental Test Score (AMTS) of 10 out of 10. Blood urea is 5.0 mmol/L. Respiratory rate is 16 breaths per minute. Blood pressure is 120/60 mmHg. The patient is 65 years of age or older. | H22: =A22&"|"&B22&"|"&C22 -> gpt|no_guideline|62
A23: gpt | B23: no_guideline | C23: 63 | D23: Group2 | E23: Group1 | F23: =FALSE() -> FALSE | G23: The patient has an Abbreviated Mental Test Score (AMTS) of 10 out of 10. Blood urea is 5.0 mmol/L. Respiratory rate is 16 breaths per minute. Blood pressure is 120/59 mmHg. The patient is 65 years of age or older. | H23: =A23&"|"&B23&"|"&C23 -> gpt|no_guideline|63
A24: gpt | B24: no_guideline | C24: 64 | D24: Group1 | E24: Group2 | F24: =FALSE() -> FALSE | G24: The patient has an Abbreviated Mental Test Score (AMTS) of 10 out of 10. Blood urea is 5.0 mmol/L. Respiratory rate is 16 breaths per minute. Blood pressure is 90/80 mmHg. The patient is 65 years of age or older. | H24: =A24&"|"&B24&"|"&C24 -> gpt|no_guideline|64
A25: gpt | B25: no_guideline | C25: 65 | D25: Group2 | E25: Group2 | F25: =TRUE() -> TRUE | G25: The patient has an Abbreviated Mental Test Score (AMTS) of 10 out of 10. Blood urea is 5.0 mmol/L. Respiratory rate is 16 breaths per minute. Blood pressure is 89/80 mmHg. The patient is 65 years of age or older. | H25: =A25&"|"&B25&"|"&C25 -> gpt|no_guideline|65
A26: gpt | B26: no_guideline | C26: 66 | D26: Group1 | E26: Group2 | F26: =FALSE() -> FALSE | G26: The patient has an Abbreviated Mental Test Score (AMTS) of 10 out of 10. Blood urea is 5.0 mmol/L. Respiratory rate is 16 breaths per minute. Blood pressure is 91/80 mmHg. The patient is 65 years of age or older. | H26: =A26&"|"&B26&"|"&C26 -> gpt|no_guideline|66
A27: gpt | B27: no_guideline | C27: 67 | D27: Group2 | E27: Group2 | F27: =TRUE() -> TRUE | G27: The patient has an Abbreviated Mental Test Score (AMTS) of 10 out of 10. Blood urea is 5.0 mmol/L. Respiratory rate is 16 breaths per minute. Blood pressure is 90/60 mmHg. The patient is 65 years of age or older. | H27: =A27&"|"&B27&"|"&C27 -> gpt|no_guideline|67
A28: gpt | B28: no_guideline | C28: 68 | D28: Group1 | E28: Group2 | F28: =FALSE() -> FALSE | G28: The patient has an Abbreviated Mental Test Score (AMTS) of 10 out of 10. Blood urea is 5.0 mmol/L. Respiratory rate is 16 breaths per minute. Blood pressure is 90/61 mmHg. The patient is 65 years of age or older. | H28: =A28&"|"&B28&"|"&C28 -> gpt|no_guideline|68
A29: gpt | B29: with_guideline | C29: 1 | D29: Group1 | E29: Group1 | F29: =TRUE() -> TRUE | G29: The patient has an Abbreviated Mental Test Score (AMTS) of 10 out of 10. Blood urea is 5.0 mmol/L. Respiratory rate is 16 breaths per minute. Blood pressure is 120/80 mmHg. The patient is younger than 65 years of age. | H29: =A29&"|"&B29&"|"&C29 -> gpt|with_guideline|1
A30: gpt | B30: with_guideline | C30: 11 | D30: Group1 | E30: Group1 | F30: =TRUE() -> TRUE | G30: The patient has an Abbreviated Mental Test Score (AMTS) of 9 out of 10. Blood urea is 5.0 mmol/L. Respiratory rate is 16 breaths per minute. Blood pressure is 120/80 mmHg. The patient is 65 years of age or older. | H30: =A30&"|"&B30&"|"&C30 -> gpt|with_guideline|11
A31: gpt | B31: with_guideline | C31: 12 | D31: Group2 | E31: Group1 | F31: =FALSE() -> FALSE | G31: The patient has an Abbreviated Mental Test Score (AMTS) of 8 out of 10. Blood urea is 5.0 mmol/L. Respiratory rate is 16 breaths per minute. Blood pressure is 120/80 mmHg. The patient is 65 years of age or older. | H31: =A31&"|"&B31&"|"&C31 -> gpt|with_guideline|12
A32: gpt | B32: with_guideline | C32: 13 | D32: Group1 | E32: Group1 | F32: =TRUE() -> TRUE | G32: The patient has an Abbreviated Mental Test Score (AMTS) of 10 out of 10. Blood urea is 7.0 mmol/L. Respiratory rate is 16 breaths per minute. Blood pressure is 120/80 mmHg. The patient is 65 years of age or older. | H32: =A32&"|"&B32&"|"&C32 -> gpt|with_guideline|13
A33: gpt | B33: with_guideline | C33: 14 | D33: Group2 | E33: Group2 | F33: =TRUE() -> TRUE | G33: The patient has an Abbreviated Mental Test Score (AMTS) of 10 out of 10. Blood urea is 7.1 mmol/L. Respiratory rate is 16 breaths per minute. Blood pressure is 120/80 mmHg. The patient is 65 years of age or older. | H33: =A33&"|"&B33&"|"&C33 -> gpt|with_guideline|14
A34: gpt | B34: with_guideline | C34: 15 | D34: Group1 | E34: Group1 | F34: =TRUE() -> TRUE | G34: The patient has an Abbreviated Mental Test Score (AMTS) of 10 out of 10. Blood urea is 5.0 mmol/L. Respiratory rate is 29 breaths per minute. Blood pressure is 120/80 mmHg. The patient is 65 years of age or older. | H34: =A34&"|"&B34&"|"&C34 -> gpt|with_guideline|15
A35: gpt | B35: with_guideline | C35: 16 | D35: Group2 | E35: Group2 | F35: =TRUE() -> TRUE | G35: The patient has an Abbreviated Mental Test Score (AMTS) of 10 out of 10. Blood urea is 5.0 mmol/L. Respiratory rate is 30 breaths per minute. Blood pressure is 120/80 mmHg. The patient is 65 years of age or older. | H35: =A35&"|"&B35&"|"&C35 -> gpt|with_guideline|16
A36: gpt | B36: with_guideline | C36: 17 | D36: Group1 | E36: Group1 | F36: =TRUE() -> TRUE | G36: The patient has an Abbreviated Mental Test Score (AMTS) of 10 out of 10. Blood urea is 5.0 mmol/L. Respiratory rate is 16 breaths per minute. Blood pressure is 120/61 mmHg. The patient is 65 years of age or older. | H36: =A36&"|"&B36&"|"&C36 -> gpt|with_guideline|17
A37: gpt | B37: with_guideline | C37: 18 | D37: Group2 | E37: Group1 | F37: =FALSE() -> FALSE | G37: The patient has an Abbreviated Mental Test Score (AMTS) of 10 out of 10. Blood urea is 5.0 mmol/L. Respiratory rate is 16 breaths per minute. Blood pressure is 120/60 mmHg. The patient is 65 years of age or older. | H37: =A37&"|"&B37&"|"&C37 -> gpt|with_guideline|18
A38: gpt | B38: with_guideline | C38: 19 | D38: Group1 | E38: Group2 | F38: =FALSE() -> FALSE | G38: The patient has an Abbreviated Mental Test Score (AMTS) of 10 out of 10. Blood urea is 5.0 mmol/L. Respiratory rate is 16 breaths per minute. Blood pressure is 90/80 mmHg. The patient is 65 years of age or older. | H38: =A38&"|"&B38&"|"&C38 -> gpt|with_guideline|19
A39: gpt | B39: with_guideline | C39: 20 | D39: Group2 | E39: Group2 | F39: =TRUE() -> TRUE | G39: The patient has an Abbreviated Mental Test Score (AMTS) of 10 out of 10. Blood urea is 5.0 mmol/L. Respiratory rate is 16 breaths per minute. Blood pressure is 89/80 mmHg. The patient is 65 years of age or older. | H39: =A39&"|"&B39&"|"&C39 -> gpt|with_guideline|20
A40: gpt | B40: with_guideline | C40: 21 | D40: Group2 | E40: Group2 | F40: =TRUE() -> TRUE | G40: The patient has an Abbreviated Mental Test Score (AMTS) of 10 out of 10. Blood urea is 5.0 mmol/L. Respiratory rate is 16 breaths per minute. Blood pressure is 85/55 mmHg. The patient is 65 years of age or older. | H40: =A40&"|"&B40&"|"&C40 -> gpt|with_guideline|21
A41: gpt | B41: with_guideline | C41: 22 | D41: Group1 | E41: Group1 | F41: =TRUE() -> TRUE | G41: The patient has an Abbreviated Mental Test Score (AMTS) of 8 out of 10. Blood urea is 5.0 mmol/L. Respiratory rate is 16 breaths per minute. Blood pressure is 120/80 mmHg. The patient is younger than 65 years of age. | H41: =A41&"|"&B41&"|"&C41 -> gpt|with_guideline|22
A42: gpt | B42: with_guideline | C42: 31 | D42: Group2 | E42: Group2 | F42: =TRUE() -> TRUE | G42: The patient has an Abbreviated Mental Test Score (AMTS) of 8 out of 10. Blood urea is 8.0 mmol/L. Respiratory rate is 16 breaths per minute. Blood pressure is 120/80 mmHg. The patient is younger than 65 years of age. | H42: =A42&"|"&B42&"|"&C42 -> gpt|with_guideline|31
A43: gpt | B43: with_guideline | C43: 32 | D43: Group3 | E43: Group3 | F43: =TRUE() -> TRUE | G43: The patient has an Abbreviated Mental Test Score (AMTS) of 8 out of 10. Blood urea is 8.0 mmol/L. Respiratory rate is 32 breaths per minute. Blood pressure is 120/80 mmHg. The patient is younger than 65 years of age. | H43: =A43&"|"&B43&"|"&C43 -> gpt|with_guideline|32
A44: gpt | B44: with_guideline | C44: 41 | D44: Group3 | E44: Group3 | F44: =TRUE() -> TRUE | G44: The patient has an Abbreviated Mental Test Score (AMTS) of 5 out of 10. Blood urea is 10.0 mmol/L. Respiratory rate is 35 breaths per minute. Blood pressure is 85/70 mmHg. The patient is younger than 65 years of age. | H44: =A44&"|"&B44&"|"&C44 -> gpt|with_guideline|41
A45: gpt | B45: with_guideline | C45: 42 | D45: Group3 | E45: Group3 | F45: =TRUE() -> TRUE | G45: The patient has an Abbreviated Mental Test Score (AMTS) of 3 out of 10. Blood urea is 12.0 mmol/L. Respiratory rate is 40 breaths per minute. Blood pressure is 80/50 mmHg. The patient is 65 years of age or older. | H45: =A45&"|"&B45&"|"&C45 -> gpt|with_guideline|42
A46: gpt | B46: with_guideline | C46: 51 | D46: Group2 | E46: Group2 | F46: =TRUE() -> TRUE | G46: The patient has an Abbreviated Mental Test Score (AMTS) of 6 out of 10. Blood urea is 5.0 mmol/L. Respiratory rate is 18 breaths per minute. Blood pressure is 130/75 mmHg. The patient is 65 years of age or older. | H46: =A46&"|"&B46&"|"&C46 -> gpt|with_guideline|51
A47: gpt | B47: with_guideline | C47: 52 | D47: Group2 | E47: Group3 | F47: =FALSE() -> FALSE | G47: The patient has an Abbreviated Mental Test Score (AMTS) of 10 out of 10. Blood urea is 4.0 mmol/L. Respiratory rate is 34 breaths per minute. Blood pressure is 82/55 mmHg. The patient is younger than 65 years of age. | H47: =A47&"|"&B47&"|"&C47 -> gpt|with_guideline|52
A48: gpt | B48: with_guideline | C48: 61 | D48: Group1 | E48: Group1 | F48: =TRUE() -> TRUE | G48: The patient has an Abbreviated Mental Test Score (AMTS) of 10 out of 10. Blood urea is 5.0 mmol/L. Respiratory rate is 16 breaths per minute. Blood pressure is 120/61 mmHg. The patient is 65 years of age or older. | H48: =A48&"|"&B48&"|"&C48 -> gpt|with_guideline|61
A49: gpt | B49: with_guideline | C49: 62 | D49: Group2 | E49: Group1 | F49: =FALSE() -> FALSE | G49: The patient has an Abbreviated Mental Test Score (AMTS) of 10 out of 10. Blood urea is 5.0 mmol/L. Respiratory rate is 16 breaths per minute. Blood pressure is 120/60 mmHg. The patient is 65 years of age or older. | H49: =A49&"|"&B49&"|"&C49 -> gpt|with_guideline|62
A50: gpt | B50: with_guideline | C50: 63 | D50: Group2 | E50: Group2 | F50: =TRUE() -> TRUE | G50: The patient has an Abbreviated Mental Test Score (AMTS) of 10 out of 10. Blood urea is 5.0 mmol/L. Respiratory rate is 16 breaths per minute. Blood pressure is 120/59 mmHg. The patient is 65 years of age or older. | H50: =A50&"|"&B50&"|"&C50 -> gpt|with_guideline|63
A51: gpt | B51: with_guideline | C51: 64 | D51: Group1 | E51: Group1 | F51: =TRUE() -> TRUE | G51: The patient has an Abbreviated Mental Test Score (AMTS) of 10 out of 10. Blood urea is 5.0 mmol/L. Respiratory rate is 16 breaths per minute. Blood pressure is 90/80 mmHg. The patient is 65 years of age or older. | H51: =A51&"|"&B51&"|"&C51 -> gpt|with_guideline|64
A52: gpt | B52: with_guideline | C52: 65 | D52: Group2 | E52: Group2 | F52: =TRUE() -> TRUE | G52: The patient has an Abbreviated Mental Test Score (AMTS) of 10 out of 10. Blood urea is 5.0 mmol/L. Respiratory rate is 16 breaths per minute. Blood pressure is 89/80 mmHg. The patient is 65 years of age or older. | H52: =A52&"|"&B52&"|"&C52 -> gpt|with_guideline|65
A53: gpt | B53: with_guideline | C53: 66 | D53: Group1 | E53: Group1 | F53: =TRUE() -> TRUE | G53: The patient has an Abbreviated Mental Test Score (AMTS) of 10 out of 10. Blood urea is 5.0 mmol/L. Respiratory rate is 16 breaths per minute. Blood pressure is 91/80 mmHg. The patient is 65 years of age or older. | H53: =A53&"|"&B53&"|"&C53 -> gpt|with_guideline|66
A54: gpt | B54: with_guideline | C54: 67 | D54: Group2 | E54: Group2 | F54: =TRUE() -> TRUE | G54: The patient has an Abbreviated Mental Test Score (AMTS) of 10 out of 10. Blood urea is 5.0 mmol/L. Respiratory rate is 16 breaths per minute. Blood pressure is 90/60 mmHg. The patient is 65 years of age or older. | H54: =A54&"|"&B54&"|"&C54 -> gpt|with_guideline|67
A55: gpt | B55: with_guideline | C55: 68 | D55: Group1 | E55: Group2 | F55: =FALSE() -> FALSE | G55: The patient has an Abbreviated Mental Test Score (AMTS) of 10 out of 10. Blood urea is 5.0 mmol/L. Respiratory rate is 16 breaths per minute. Blood pressure is 90/61 mmHg. The patient is 65 years of age or older. | H55: =A55&"|"&B55&"|"&C55 -> gpt|with_guideline|68
A56: claude | B56: no_guideline | C56: 1 | D56: Group1 | E56: PARSE_ERROR | F56: =FALSE() -> FALSE | G56: The patient has an Abbreviated Mental Test Score (AMTS) of 10 out of 10. Blood urea is 5.0 mmol/L. Respiratory rate is 16 breaths per minute. Blood pressure is 120/80 mmHg. The patient is younger than 65 years of age. | H56: =A56&"|"&B56&"|"&C56 -> claude|no_guideline|1
A57: claude | B57: no_guideline | C57: 11 | D57: Group1 | E57: PARSE_ERROR | F57: =FALSE() -> FALSE | G57: The patient has an Abbreviated Mental Test Score (AMTS) of 9 out of 10. Blood urea is 5.0 mmol/L. Respiratory rate is 16 breaths per minute. Blood pressure is 120/80 mmHg. The patient is 65 years of age or older. | H57: =A57&"|"&B57&"|"&C57 -> claude|no_guideline|11
A58: claude | B58: no_guideline | C58: 12 | D58: Group2 | E58: PARSE_ERROR | F58: =FALSE() -> FALSE | G58: The patient has an Abbreviated Mental Test Score (AMTS) of 8 out of 10. Blood urea is 5.0 mmol/L. Respiratory rate is 16 breaths per minute. Blood pressure is 120/80 mmHg. The patient is 65 years of age or older. | H58: =A58&"|"&B58&"|"&C58 -> claude|no_guideline|12
A59: claude | B59: no_guideline | C59: 13 | D59: Group1 | E59: PARSE_ERROR | F59: =FALSE() -> FALSE | G59: The patient has an Abbreviated Mental Test Score (AMTS) of 10 out of 10. Blood urea is 7.0 mmol/L. Respiratory rate is 16 breaths per minute. Blood pressure is 120/80 mmHg. The patient is 65 years of age or older. | H59: =A59&"|"&B59&"|"&C59 -> claude|no_guideline|13
A60: claude | B60: no_guideline | C60: 14 | D60: Group2 | E60: PARSE_ERROR | F60: =FALSE() -> FALSE | G60: The patient has an Abbreviated Mental Test Score (AMTS) of 10 out of 10. Blood urea is 7.1 mmol/L. Respiratory rate is 16 breaths per minute. Blood pressure is 120/80 mmHg. The patient is 65 years of age or older. | H60: =A60&"|"&B60&"|"&C60 -> claude|no_guideline|14
A61: claude | B61: no_guideline | C61: 15 | D61: Group1 | E61: PARSE_ERROR | F61: =FALSE() -> FALSE | G61: The patient has an Abbreviated Mental Test Score (AMTS) of 10 out of 10. Blood urea is 5.0 mmol/L. Respiratory rate is 29 breaths per minute. Blood pressure is 120/80 mmHg. The patient is 65 years of age or older. | H61: =A61&"|"&B61&"|"&C61 -> claude|no_guideline|15
A62: claude | B62: no_guideline | C62: 16 | D62: Group2 | E62: PARSE_ERROR | F62: =FALSE() -> FALSE | G62: The patient has an Abbreviated Mental Test Score (AMTS) of 10 out of 10. Blood urea is 5.0 mmol/L. Respiratory rate is 30 breaths per minute. Blood pressure is 120/80 mmHg. The patient is 65 years of age or older. | H62: =A62&"|"&B62&"|"&C62 -> claude|no_guideline|16
A63: claude | B63: no_guideline | C63: 17 | D63: Group1 | E63: PARSE_ERROR | F63: =FALSE() -> FALSE | G63: The patient has an Abbreviated Mental Test Score (AMTS) of 10 out of 10. Blood urea is 5.0 mmol/L. Respiratory rate is 16 breaths per minute. Blood pressure is 120/61 mmHg. The patient is 65 years of age or older. | H63: =A63&"|"&B63&"|"&C63 -> claude|no_guideline|17
A64: claude | B64: no_guideline | C64: 18 | D64: Group2 | E64: PARSE_ERROR | F64: =FALSE() -> FALSE | G64: The patient has an Abbreviated Mental Test Score (AMTS) of 10 out of 10. Blood urea is 5.0 mmol/L. Respiratory rate is 16 breaths per minute. Blood pressure is 120/60 mmHg. The patient is 65 years of age or older. | H64: =A64&"|"&B64&"|"&C64 -> claude|no_guideline|18
A65: claude | B65: no_guideline | C65: 19 | D65: Group1 | E65: PARSE_ERROR | F65: =FALSE() -> FALSE | G65: The patient has an Abbreviated Mental Test Score (AMTS) of 10 out of 10. Blood urea is 5.0 mmol/L. Respiratory rate is 16 breaths per minute. Blood pressure is 90/80 mmHg. The patient is 65 years of age or older. | H65: =A65&"|"&B65&"|"&C65 -> claude|no_guideline|19
A66: claude | B66: no_guideline | C66: 20 | D66: Group2 | E66: PARSE_ERROR | F66: =FALSE() -> FALSE | G66: The patient has an Abbreviated Mental Test Score (AMTS) of 10 out of 10. Blood urea is 5.0 mmol/L. Respiratory rate is 16 breaths per minute. Blood pressure is 89/80 mmHg. The patient is 65 years of age or older. | H66: =A66&"|"&B66&"|"&C66 -> claude|no_guideline|20
... A109: claude | B109: with_guideline | C109: 68 | D109: Group1 | E109: PARSE_ERROR | F109: =FALSE() -> FALSE | G109: The patient has an Abbreviated Mental Test Score (AMTS) of 10 out of 10. Blood urea is 5.0 mmol/L. Respiratory rate is 16 breaths per minute. Blood pressure is 90/61 mmHg. The patient is 65 years of age or older. | H109: =A109&"|"&B109&"|"&C109 -> claude|with_guideline|68
A110: gemini | B110: no_guideline | C110: 1 | D110: Group1 | E110: Group1 | F110: =TRUE() -> TRUE | G110: The patient has an Abbreviated Mental Test Score (AMTS) of 10 out of 10. Blood urea is 5.0 mmol/L. Respiratory rate is 16 breaths per minute. Blood pressure is 120/80 mmHg. The patient is younger than 65 years of age. | H110: =A110&"|"&B110&"|"&C110 -> gemini|no_guideline|1
A111: gemini | B111: no_guideline | C111: 11 | D111: Group1 | E111: Group1 | F111: =TRUE() -> TRUE | G111: The patient has an Abbreviated Mental Test Score (AMTS) of 9 out of 10. Blood urea is 5.0 mmol/L. Respiratory rate is 16 breaths per minute. Blood pressure is 120/80 mmHg. The patient is 65 years of age or older. | H111: =A111&"|"&B111&"|"&C111 -> gemini|no_guideline|11
A112: gemini | B112: no_guideline | C112: 12 | D112: Group2 | E112: Group1 | F112: =FALSE() -> FALSE | G112: The patient has an Abbreviated Mental Test Score (AMTS) of 8 out of 10. Blood urea is 5.0 mmol/L. Respiratory rate is 16 breaths per minute. Blood pressure is 120/80 mmHg. The patient is 65 years of age or older. | H112: =A112&"|"&B112&"|"&C112 -> gemini|no_guideline|12
A113: gemini | B113: no_guideline | C113: 13 | D113: Group1 | E113: Group1 | F113: =TRUE() -> TRUE | G113: The patient has an Abbreviated Mental Test Score (AMTS) of 10 out of 10. Blood urea is 7.0 mmol/L. Respiratory rate is 16 breaths per minute. Blood pressure is 120/80 mmHg. The patient is 65 years of age or older. | H113: =A113&"|"&B113&"|"&C113 -> gemini|no_guideline|13
A114: gemini | B114: no_guideline | C114: 14 | D114: Group2 | E114: Group1 | F114: =FALSE() -> FALSE | G114: The patient has an Abbreviated Mental Test Score (AMTS) of 10 out of 10. Blood urea is 7.1 mmol/L. Respiratory rate is 16 breaths per minute. Blood pressure is 120/80 mmHg. The patient is 65 years of age or older. | H114: =A114&"|"&B114&"|"&C114 -> gemini|no_guideline|14
A115: gemini | B115: no_guideline | C115: 15 | D115: Group1 | E115: Group2 | F115: =FALSE() -> FALSE | G115: The patient has an Abbreviated Mental Test Score (AMTS) of 10 out of 10. Blood urea is 5.0 mmol/L. Respiratory rate is 29 breaths per minute. Blood pressure is 120/80 mmHg. The patient is 65 years of age or older. | H115: =A115&"|"&B115&"|"&C115 -> gemini|no_guideline|15
A116: gemini | B116: no_guideline | C116: 16 | D116: Group2 | E116: Group2 | F116: =TRUE() -> TRUE | G116: The patient has an Abbreviated Mental Test Score (AMTS) of 10 out of 10. Blood urea is 5.0 mmol/L. Respiratory rate is 30 breaths per minute. Blood pressure is 120/80 mmHg. The patient is 65 years of age or older. | H116: =A116&"|"&B116&"|"&C116 -> gemini|no_guideline|16
A117: gemini | B117: no_guideline | C117: 17 | D117: Group1 | E117: Group1 | F117: =TRUE() -> TRUE | G117: The patient has an Abbreviated Mental Test Score (AMTS) of 10 out of 10. Blood urea is 5.0 mmol/L. Respiratory rate is 16 breaths per minute. Blood pressure is 120/61 mmHg. The patient is 65 years of age or older. | H117: =A117&"|"&B117&"|"&C117 -> gemini|no_guideline|17
A118: gemini | B118: no_guideline | C118: 18 | D118: Group2 | E118: Group1 | F118: =FALSE() -> FALSE | G118: The patient has an Abbreviated Mental Test Score (AMTS) of 10 out of 10. Blood urea is 5.0 mmol/L. Respiratory rate is 16 breaths per minute. Blood pressure is 120/60 mmHg. The patient is 65 years of age or older. | H118: =A118&"|"&B118&"|"&C118 -> gemini|no_guideline|18
A119: gemini | B119: no_guideline | C119: 19 | D119: Group1 | E119: Group2 | F119: =FALSE() -> FALSE | G119: The patient has an Abbreviated Mental Test Score (AMTS) of 10 out of 10. Blood urea is 5.0 mmol/L. Respiratory rate is 16 breaths per minute. Blood pressure is 90/80 mmHg. The patient is 65 years of age or older. | H119: =A119&"|"&B119&"|"&C119 -> gemini|no_guideline|19
A120: gemini | B120: no_guideline | C120: 20 | D120: Group2 | E120: Group2 | F120: =TRUE() -> TRUE | G120: The patient has an Abbreviated Mental Test Score (AMTS) of 10 out of 10. Blood urea is 5.0 mmol/L. Respiratory rate is 16 breaths per minute. Blood pressure is 89/80 mmHg. The patient is 65 years of age or older. | H120: =A120&"|"&B120&"|"&C120 -> gemini|no_guideline|20
A121: gemini | B121: no_guideline | C121: 21 | D121: Group2 | E121: Group2 | F121: =TRUE() -> TRUE | G121: The patient has an Abbreviated Mental Test Score (AMTS) of 10 out of 10. Blood urea is 5.0 mmol/L. Respiratory rate is 16 breaths per minute. Blood pressure is 85/55 mmHg. The patient is 65 years of age or older. | H121: =A121&"|"&B121&"|"&C121 -> gemini|no_guideline|21
A122: gemini | B122: no_guideline | C122: 22 | D122: Group1 | E122: Group1 | F122: =TRUE() -> TRUE | G122: The patient has an Abbreviated Mental Test Score (AMTS) of 8 out of 10. Blood urea is 5.0 mmol/L. Respiratory rate is 16 breaths per minute. Blood pressure is 120/80 mmHg. The patient is younger than 65 years of age. | H122: =A122&"|"&B122&"|"&C122 -> gemini|no_guideline|22
A123: gemini | B123: no_guideline | C123: 31 | D123: Group2 | E123: Group1 | F123: =FALSE() -> FALSE | G123: The patient has an Abbreviated Mental Test Score (AMTS) of 8 out of 10. Blood urea is 8.0 mmol/L. Respiratory rate is 16 breaths per minute. Blood pressure is 120/80 mmHg. The patient is younger than 65 years of age. | H123: =A123&"|"&B123&"|"&C123 -> gemini|no_guideline|31
A124: gemini | B124: no_guideline | C124: 32 | D124: Group3 | E124: Group3 | F124: =TRUE() -> TRUE | G124: The patient has an Abbreviated Mental Test Score (AMTS) of 8 out of 10. Blood urea is 8.0 mmol/L. Respiratory rate is 32 breaths per minute. Blood pressure is 120/80 mmHg. The patient is younger than 65 years of age. | H124: =A124&"|"&B124&"|"&C124 -> gemini|no_guideline|32
A125: gemini | B125: no_guideline | C125: 41 | D125: Group3 | E125: Group3 | F125: =TRUE() -> TRUE | G125: The patient has an Abbreviated Mental Test Score (AMTS) of 5 out of 10. Blood urea is 10.0 mmol/L. Respiratory rate is 35 breaths per minute. Blood pressure is 85/70 mmHg. The patient is younger than 65 years of age. | H125: =A125&"|"&B125&"|"&C125 -> gemini|no_guideline|41
A126: gemini | B126: no_guideline | C126: 42 | D126: Group3 | E126: Group3 | F126: =TRUE() -> TRUE | G126: The patient has an Abbreviated Mental Test Score (AMTS) of 3 out of 10. Blood urea is 12.0 mmol/L. Respiratory rate is 40 breaths per minute. Blood pressure is 80/50 mmHg. The patient is 65 years of age or older. | H126: =A126&"|"&B126&"|"&C126 -> gemini|no_guideline|42
A127: gemini | B127: no_guideline | C127: 51 | D127: Group2 | E127: Group2 | F127: =TRUE() -> TRUE | G127: The patient has an Abbreviated Mental Test Score (AMTS) of 6 out of 10. Blood urea is 5.0 mmol/L. Respiratory rate is 18 breaths per minute. Blood pressure is 130/75 mmHg. The patient is 65 years of age or older. | H127: =A127&"|"&B127&"|"&C127 -> gemini|no_guideline|51
A128: gemini | B128: no_guideline | C128: 52 | D128: Group2 | E128: Group3 | F128: =FALSE() -> FALSE | G128: The patient has an Abbreviated Mental Test Score (AMTS) of 10 out of 10. Blood urea is 4.0 mmol/L. Respiratory rate is 34 breaths per minute. Blood pressure is 82/55 mmHg. The patient is younger than 65 years of age. | H128: =A128&"|"&B128&"|"&C128 -> gemini|no_guideline|52
A129: gemini | B129: no_guideline | C129: 61 | D129: Group1 | E129: Group1 | F129: =TRUE() -> TRUE | G129: The patient has an Abbreviated Mental Test Score (AMTS) of 10 out of 10. Blood urea is 5.0 mmol/L. Respiratory rate is 16 breaths per minute. Blood pressure is 120/61 mmHg. The patient is 65 years of age or older. | H129: =A129&"|"&B129&"|"&C129 -> gemini|no_guideline|61
A130: gemini | B130: no_guideline | C130: 62 | D130: Group2 | E130: Group1 | F130: =FALSE() -> FALSE | G130: The patient has an Abbreviated Mental Test Score (AMTS) of 10 out of 10. Blood urea is 5.0 mmol/L. Respiratory rate is 16 breaths per minute. Blood pressure is 120/60 mmHg. The patient is 65 years of age or older. | H130: =A130&"|"&B130&"|"&C130 -> gemini|no_guideline|62
A131: gemini | B131: no_guideline | C131: 63 | D131: Group2 | E131: Group1 | F131: =FALSE() -> FALSE | G131: The patient has an Abbreviated Mental Test Score (AMTS) of 10 out of 10. Blood urea is 5.0 mmol/L. Respiratory rate is 16 breaths per minute. Blood pressure is 120/59 mmHg. The patient is 65 years of age or older. | H131: =A131&"|"&B131&"|"&C131 -> gemini|no_guideline|63
A132: gemini | B132: no_guideline | C132: 64 | D132: Group1 | E132: Group2 | F132: =FALSE() -> FALSE | G132: The patient has an Abbreviated Mental Test Score (AMTS) of 10 out of 10. Blood urea is 5.0 mmol/L. Respiratory rate is 16 breaths per minute. Blood pressure is 90/80 mmHg. The patient is 65 years of age or older. | H132: =A132&"|"&B132&"|"&C132 -> gemini|no_guideline|64
A133: gemini | B133: no_guideline | C133: 65 | D133: Group2 | E133: Group2 | F133: =TRUE() -> TRUE | G133: The patient has an Abbreviated Mental Test Score (AMTS) of 10 out of 10. Blood urea is 5.0 mmol/L. Respiratory rate is 16 breaths per minute. Blood pressure is 89/80 mmHg. The patient is 65 years of age or older. | H133: =A133&"|"&B133&"|"&C133 -> gemini|no_guideline|65
A134: gemini | B134: no_guideline | C134: 66 | D134: Group1 | E134: Group2 | F134: =FALSE() -> FALSE | G134: The patient has an Abbreviated Mental Test Score (AMTS) of 10 out of 10. Blood urea is 5.0 mmol/L. Respiratory rate is 16 breaths per minute. Blood pressure is 91/80 mmHg. The patient is 65 years of age or older. | H134: =A134&"|"&B134&"|"&C134 -> gemini|no_guideline|66
A135: gemini | B135: no_guideline | C135: 67 | D135: Group2 | E135: Group2 | F135: =TRUE() -> TRUE | G135: The patient has an Abbreviated Mental Test Score (AMTS) of 10 out of 10. Blood urea is 5.0 mmol/L. Respiratory rate is 16 breaths per minute. Blood pressure is 90/60 mmHg. The patient is 65 years of age or older. | H135: =A135&"|"&B135&"|"&C135 -> gemini|no_guideline|67
A136: gemini | B136: no_guideline | C136: 68 | D136: Group1 | E136: Group2 | F136: =FALSE() -> FALSE | G136: The patient has an Abbreviated Mental Test Score (AMTS) of 10 out of 10. Blood urea is 5.0 mmol/L. Respiratory rate is 16 breaths per minute. Blood pressure is 90/61 mmHg. The patient is 65 years of age or older. | H136: =A136&"|"&B136&"|"&C136 -> gemini|no_guideline|68
A137: gemini | B137: with_guideline | C137: 1 | D137: Group1 | E137: Group1 | F137: =TRUE() -> TRUE | G137: The patient has an Abbreviated Mental Test Score (AMTS) of 10 out of 10. Blood urea is 5.0 mmol/L. Respiratory rate is 16 breaths per minute. Blood pressure is 120/80 mmHg. The patient is younger than 65 years of age. | H137: =A137&"|"&B137&"|"&C137 -> gemini|with_guideline|1
A138: gemini | B138: with_guideline | C138: 11 | D138: Group1 | E138: Group1 | F138: =TRUE() -> TRUE | G138: The patient has an Abbreviated Mental Test Score (AMTS) of 9 out of 10. Blood urea is 5.0 mmol/L. Respiratory rate is 16 breaths per minute. Blood pressure is 120/80 mmHg. The patient is 65 years of age or older. | H138: =A138&"|"&B138&"|"&C138 -> gemini|with_guideline|11
A139: gemini | B139: with_guideline | C139: 12 | D139: Group2 | E139: Group2 | F139: =TRUE() -> TRUE | G139: The patient has an Abbreviated Mental Test Score (AMTS) of 8 out of 10. Blood urea is 5.0 mmol/L. Respiratory rate is 16 breaths per minute. Blood pressure is 120/80 mmHg. The patient is 65 years of age or older. | H139: =A139&"|"&B139&"|"&C139 -> gemini|with_guideline|12
A140: gemini | B140: with_guideline | C140: 13 | D140: Group1 | E140: Group1 | F140: =TRUE() -> TRUE | G140: The patient has an Abbreviated Mental Test Score (AMTS) of 10 out of 10. Blood urea is 7.0 mmol/L. Respiratory rate is 16 breaths per minute. Blood pressure is 120/80 mmHg. The patient is 65 years of age or older. | H140: =A140&"|"&B140&"|"&C140 -> gemini|with_guideline|13
A141: gemini | B141: with_guideline | C141: 14 | D141: Group2 | E141: Group2 | F141: =TRUE() -> TRUE | G141: The patient has an Abbreviated Mental Test Score (AMTS) of 10 out of 10. Blood urea is 7.1 mmol/L. Respiratory rate is 16 breaths per minute. Blood pressure is 120/80 mmHg. The patient is 65 years of age or older. | H141: =A141&"|"&B141&"|"&C141 -> gemini|with_guideline|14
A142: gemini | B142: with_guideline | C142: 15 | D142: Group1 | E142: Group1 | F142: =TRUE() -> TRUE | G142: The patient has an Abbreviated Mental Test Score (AMTS) of 10 out of 10. Blood urea is 5.0 mmol/L. Respiratory rate is 29 breaths per minute. Blood pressure is 120/80 mmHg. The patient is 65 years of age or older. | H142: =A142&"|"&B142&"|"&C142 -> gemini|with_guideline|15
...

Sheet dvt_eval
A1: Model | B1: Prompt | C1: Patient ID | D1: Expected | E1: Model Decision | F1: Correct | G1: Narrative | H1: Key
A2: gpt | B2: no_guideline | C2: 1 | D2: ExcludeDVT | E2: ExcludeDVT | F2: =TRUE() -> TRUE | G2: Active cancer is absent. Paralysis, paresis, or recent plaster immobilization of the lower extremities is absent. Recent bedridden status of more than 3 days or major surgery within the previous 12 weeks is absent. Localized tenderness along the deep venous system is absent. Swelling of the entire leg is absent. Calf swelling more than 3 cm larger than the asymptomatic side is absent. Pitting edema confined to the symptomatic leg is absent. Collateral superficial (nonvaricose) veins are absent. A previously documented DVT is absent. An alternative diagnosis at least as likely as DVT is absent. The D-dimer test result is Negative. The compression ultrasound result is Negative. | H2: =A2&"|"&B2&"|"&C2 -> gpt|no_guideline|1
A3: gpt | B3: no_guideline | C3: 2 | D3: ExcludeDVT | E3: TreatAnticoagulation | F3: =FALSE() -> FALSE | G3: Active cancer is absent. Paralysis, paresis, or recent plaster immobilization of the lower extremities is absent. Recent bedridden status of more than 3 days or major surgery within the previous 12 weeks is absent. Localized tenderness along the deep venous system is absent. Swelling of the entire leg is absent. Calf swelling more than 3 cm larger than the asymptomatic side is absent. Pitting edema confined to the symptomatic leg is absent. Collateral superficial (nonvaricose) veins are absent. A previously documented DVT is absent. An alternative diagnosis at least as likely as DVT is absent. The D-dimer test result is Negative. The compression ultrasound result is Positive. | H3: =A3&"|"&B3&"|"&C3 -> gpt|no_guideline|2
A4: gpt | B4: no_guideline | C4: 3 | D4: ExcludeDVT | E4: ExcludeDVT | F4: =TRUE() -> TRUE | G4: Active cancer is absent. Paralysis, paresis, or recent plaster immobilization of the lower extremities is absent. Recent bedridden status of more than 3 days or major surgery within the previous 12 weeks is absent. Localized tenderness along the deep venous system is absent. Swelling of the entire leg is absent. Calf swelling more than 3 cm larger than the asymptomatic side is absent. Pitting edema confined to the symptomatic leg is absent. Collateral superficial (nonvaricose) veins are absent. A previously documented DVT is absent. An alternative diagnosis at least as likely as DVT is absent. The D-dimer test result is Positive. The compression ultrasound result is Negative. | H4: =A4&"|"&B4&"|"&C4 -> gpt|no_guideline|3
A5: gpt | B5: no_guideline | C5: 4 | D5: TreatAnticoagulation | E5: TreatAnticoagulation | F5: =TRUE() -> TRUE | G5: Active cancer is absent. Paralysis, paresis, or recent plaster immobilization of the lower extremities is absent. Recent bedridden status of more than 3 days or major surgery within the previous 12 weeks is absent. Localized tenderness along the deep venous system is absent. Swelling of the entire leg is absent. Calf swelling more than 3 cm larger than the asymptomatic side is absent. Pitting edema confined to the symptomatic leg is absent. Collateral superficial (nonvaricose) veins are absent. A previously documented DVT is absent. An alternative diagnosis at least as likely as DVT is absent. The D-dimer test result is Positive. The compression ultrasound result is Positive. | H5: =A5&"|"&B5&"|"&C5 -> gpt|no_guideline|4
A6: gpt | B6: no_guideline | C6: 11 | D6: ExcludeDVT | E6: ExcludeDVT | F6: =TRUE() -> TRUE | G6: Active cancer is present. Paralysis, paresis, or recent plaster immobilization of the lower extremities is present. Recent bedridden status of more than 3 days or major surgery within the previous 12 weeks is absent. Localized tenderness along the deep venous system is absent. Swelling of the entire leg is absent. Calf swelling more than 3 cm larger than the asymptomatic side is absent. Pitting edema confined to the symptomatic leg is absent. Collateral superficial (nonvaricose) veins are absent. A previously documented DVT is absent. An alternative diagnosis at least as likely as DVT is absent. The D-dimer test result is Negative. The compression ultrasound result is Negative. | H6: =A6&"|"&B6&"|"&C6 -> gpt|no_guideline|11
A7: gpt | B7: no_guideline | C7: 12 | D7: TreatAnticoagulation | E7: TreatAnticoagulation | F7: =TRUE() -> TRUE | G7: Active cancer is present. Paralysis, paresis, or recent plaster immobilization of the lower extremities is present. Recent bedridden status of more than 3 days or major surgery within the previous 12 weeks is absent. Localized tenderness along the deep venous system is absent. Swelling of the entire leg is absent. Calf swelling more than 3 cm larger than the asymptomatic side is absent. Pitting edema confined to the symptomatic leg is absent. Collateral superficial (nonvaricose) veins are absent. A previously documented DVT is absent. An alternative diagnosis at least as likely as DVT is absent. The D-dimer test result is Negative. The compression ultrasound result is Positive. | H7: =A7&"|"&B7&"|"&C7 -> gpt|no_guideline|12
A8: gpt | B8: no_guideline | C8: 13 | D8: TreatAnticoagulation | E8: TreatAnticoagulation | F8: =TRUE() -> TRUE | G8: Active cancer is present. Paralysis, paresis, or recent plaster immobilization of the lower extremities is present. Recent bedridden status of more than 3 days or major surgery within the previous 12 weeks is absent. Localized tenderness along the deep venous system is absent. Swelling of the entire leg is absent. Calf swelling more than 3 cm larger than the asymptomatic side is absent. Pitting edema confined to the symptomatic leg is absent. Collateral superficial (nonvaricose) veins are absent. A previously documented DVT is absent. An alternative diagnosis at least as likely as DVT is absent. The D-dimer test result is Positive. The compression ultrasound result is Positive. | H8: =A8&"|"&B8&"|"&C8 -> gpt|no_guideline|13
A9: gpt | B9: no_guideline | C9: 14 | D9: RepeatUltrasoundIn1Week | E9: RepeatUltrasoundIn1Week | F9: =TRUE() -> TRUE | G9: Active cancer is present. Paralysis, paresis, or recent plaster immobilization of the lower extremities is present. Recent bedridden status of more than 3 days or major surgery within the previous 12 weeks is absent. Localized tenderness along the deep venous system is absent. Swelling of the entire leg is absent. Calf swelling more than 3 cm larger than the asymptomatic side is absent. Pitting edema confined to the symptomatic leg is absent. Collateral superficial (nonvaricose) veins are absent. A previously documented DVT is absent. An alternative diagnosis at least as likely as DVT is absent. The D-dimer test result is Positive. The compression ultrasound result is Negative. | H9: =A9&"|"&B9&"|"&C9 -> gpt|no_guideline|14
A10: gpt | B10: no_guideline | C10: 21 | D10: ExcludeDVT | E10: RepeatUltrasoundIn1Week | F10: =FALSE() -> FALSE | G10: Active cancer is absent. Paralysis, paresis, or recent plaster immobilization of the lower extremities is absent. Recent bedridden status of more than 3 days or major surgery within the previous 12 weeks is absent. Localized tenderness along the deep venous system is absent. Swelling of the entire leg is absent. Calf swelling more than 3 cm larger than the asymptomatic side is absent. Pitting edema confined to the symptomatic leg is absent. Collateral superficial (nonvaricose) veins are absent. A previously documented DVT is present. An alternative diagnosis at least as likely as DVT is absent. The D-dimer test result is Positive. The compression ultrasound result is Negative. | H10: =A10&"|"&B10&"|"&C10 -> gpt|no_guideline|21
A11: gpt | B11: no_guideline | C11: 22 | D11: RepeatUltrasoundIn1Week | E11: RepeatUltrasoundIn1Week | F11: =TRUE() -> TRUE | G11: Active cancer is present. Paralysis, paresis, or recent plaster immobilization of the lower extremities is absent. Recent bedridden status of more than 3 days or major surgery within the previous 12 weeks is absent. Localized tenderness along the deep venous system is absent. Swelling of the entire leg is absent. Calf swelling more than 3 cm larger than the asymptomatic side is absent. Pitting edema confined to the symptomatic leg is absent. Collateral superficial (nonvaricose) veins are absent. A previously documented DVT is present. An alternative diagnosis at least as likely as DVT is absent. The D-dimer test result is Positive. The compression ultrasound result is Negative. | H11: =A11&"|"&B11&"|"&C11 -> gpt|no_guideline|22
A12: gpt | B12: no_guideline | C12: 23 | D12: RepeatUltrasoundIn1Week | E12: RepeatUltrasoundIn1Week | F12: =TRUE() -> TRUE | G12: Active cancer is absent. Paralysis, paresis, or recent plaster immobilization of the lower extremities is present. Recent bedridden status of more than 3 days or major surgery within the previous 12 weeks is absent. Localized tenderness along the deep venous system is absent. Swelling of the entire leg is absent. Calf swelling more than 3 cm larger than the asymptomatic side is absent. Pitting edema confined to the symptomatic leg is absent. Collateral superficial (nonvaricose) veins are absent. A previously documented DVT is present. An alternative diagnosis at least as likely as DVT is absent. The D-dimer test result is Positive. The compression ultrasound result is Negative. | H12: =A12&"|"&B12&"|"&C12 -> gpt|no_guideline|23
A13: gpt | B13: no_guideline | C13: 24 | D13: RepeatUltrasoundIn1Week | E13: RepeatUltrasoundIn1Week | F13: =TRUE() -> TRUE | G13: Active cancer is absent. Paralysis, paresis, or recent plaster immobilization of the lower extremities is absent. Recent bedridden status of more than 3 days or major surgery within the previous 12 weeks is present. Localized tenderness along the deep venous system is absent. Swelling of the entire leg is absent. Calf swelling more than 3 cm larger than the asymptomatic side is absent. Pitting edema confined to the symptomatic leg is absent. Collateral superficial (nonvaricose) veins are absent. A previously documented DVT is present. An alternative diagnosis at least as likely as DVT is absent. The D-dimer test result is Positive. The compression ultrasound result is Negative. | H13: =A13&"|"&B13&"|"&C13 -> gpt|no_guideline|24
A14: gpt | B14: no_guideline | C14: 25 | D14: RepeatUltrasoundIn1Week | E14: RepeatUltrasoundIn1Week | F14: =TRUE() -> TRUE | G14: Active cancer is absent. Paralysis, paresis, or recent plaster immobilization of the lower extremities is absent. Recent bedridden status of more than 3 days or major surgery within the previous 12 weeks is absent. Localized tenderness along the deep venous system is present. Swelling of the entire leg is absent. Calf swelling more than 3 cm larger than the asymptomatic side is absent. Pitting edema confined to the symptomatic leg is absent. Collateral superficial (nonvaricose) veins are absent. A previously documented DVT is present. An alternative diagnosis at least as likely as DVT is absent. The D-dimer test result is Positive. The compression ultrasound result is Negative. | H14: =A14&"|"&B14&"|"&C14 -> gpt|no_guideline|25
A15: gpt | B15: no_guideline | C15: 26 | D15: RepeatUltrasoundIn1Week | E15: RepeatUltrasoundIn1Week | F15: =TRUE() -> TRUE | G15: Active cancer is absent. Paralysis, paresis, or recent plaster immobilization of the lower extremities is absent. Recent bedridden status of more than 3 days or major surgery within the previous 12 weeks is absent. Localized tenderness along the deep venous system is absent. Swelling of the entire leg is present. Calf swelling more than 3 cm larger than the asymptomatic side is absent. Pitting edema confined to the symptomatic leg is absent. Collateral superficial (nonvaricose) veins are absent. A previously documented DVT is present. An alternative diagnosis at least as likely as DVT is absent. The D-dimer test result is Positive. The compression ultrasound result is Negative. | H15: =A15&"|"&B15&"|"&C15 -> gpt|no_guideline|26
A16: gpt | B16: no_guideline | C16: 27 | D16: RepeatUltrasoundIn1Week | E16: RepeatUltrasoundIn1Week | F16: =TRUE() -> TRUE | G16: Active cancer is absent. Paralysis, paresis, or recent plaster immobilization of the lower extremities is absent. Recent bedridden status of more than 3 days or major surgery within the previous 12 weeks is absent. Localized tenderness along the deep venous system is absent. Swelling of the entire leg is absent. Calf swelling more than 3 cm larger than the asymptomatic side is present. Pitting edema confined to the symptomatic leg is absent. Collateral superficial (nonvaricose) veins are absent. A previously documented DVT is present. An alternative diagnosis at least as likely as DVT is absent. The D-dimer test result is Positive. The compression ultrasound result is Negative. | H16: =A16&"|"&B16&"|"&C16 -> gpt|no_guideline|27
A17: gpt | B17: no_guideline | C17: 28 | D17: RepeatUltrasoundIn1Week | E17: RepeatUltrasoundIn1Week | F17: =TRUE() -> TRUE | G17: Active cancer is absent. Paralysis, paresis, or recent plaster immobilization of the lower extremities is absent. Recent bedridden status of more than 3 days or major surgery within the previous 12 weeks is absent. Localized tenderness along the deep venous system is absent. Swelling of the entire leg is absent. Calf swelling more than 3 cm larger than the asymptomatic side is absent. Pitting edema confined to the symptomatic leg is present. Collateral superficial (nonvaricose) veins are absent. A previously documented DVT is present. An alternative diagnosis at least as likely as DVT is absent. The D-dimer test result is Positive. The compression ultrasound result is Negative. | H17: =A17&"|"&B17&"|"&C17 -> gpt|no_guideline|28
A18: gpt | B18: no_guideline | C18: 29 | D18: RepeatUltrasoundIn1Week | E18: RepeatUltrasoundIn1Week | F18: =TRUE() -> TRUE | G18: Active cancer is absent. Paralysis, paresis, or recent plaster immobilization of the lower extremities is absent. Recent bedridden status of more than 3 days or major surgery within the previous 12 weeks is absent. Localized tenderness along the deep venous system is absent. Swelling of the entire leg is absent. Calf swelling more than 3 cm larger than the asymptomatic side is absent. Pitting edema confined to the symptomatic leg is absent. Collateral superficial (nonvaricose) veins are present. A previously documented DVT is present. An alternative diagnosis at least as likely as DVT is absent. The D-dimer test result is Positive. The compression ultrasound result is Negative. | H18: =A18&"|"&B18&"|"&C18 -> gpt|no_guideline|29
A19: gpt | B19: no_guideline | C19: 31 | D19: ExcludeDVT | E19: RepeatUltrasoundIn1Week | F19: =FALSE() -> FALSE | G19: Active cancer is present. Paralysis, paresis, or recent plaster immobilization of the lower extremities is absent. Recent bedridden status of more than 3 days or major surgery within the previous 12 weeks is absent. Localized tenderness along the deep venous system is absent. Swelling of the entire leg is absent. Calf swelling more than 3 cm larger than the asymptomatic side is absent. Pitting edema confined to the symptomatic leg is absent. Collateral superficial (nonvaricose) veins are absent. A previously documented DVT is present. An alternative diagnosis at least as likely as DVT is present. The D-dimer test result is Positive. The compression ultrasound result is Negative. | H19: =A19&"|"&B19&"|"&C19 -> gpt|no_guideline|31
A20: gpt | B20: no_guideline | C20: 32 | D20: ExcludeDVT | E20: ExcludeDVT | F20: =TRUE() -> TRUE | G20: Active cancer is absent. Paralysis, paresis, or recent plaster immobilization of the lower extremities is absent. Recent bedridden status of more than 3 days or major surgery within the previous 12 weeks is absent. Localized tenderness along the deep venous system is absent. Swelling of the entire leg is absent. Calf swelling more than 3 cm larger than the asymptomatic side is absent. Pitting edema confined to the symptomatic leg is absent. Collateral superficial (nonvaricose) veins are absent. A previously documented DVT is absent. An alternative diagnosis at least as likely as DVT is present. The D-dimer test result is Negative. The compression ultrasound result is Negative. | H20: =A20&"|"&B20&"|"&C20 -> gpt|no_guideline|32
A21: gpt | B21: no_guideline | C21: 41 | D21: TreatAnticoagulation | E21: TreatAnticoagulation | F21: =TRUE() -> TRUE | G21: Active cancer is present. Paralysis, paresis, or recent plaster immobilization of the lower extremities is present. Recent bedridden status of more than 3 days or major surgery within the previous 12 weeks is present. Localized tenderness along the deep venous system is present. Swelling of the entire leg is present. Calf swelling more than 3 cm larger than the asymptomatic side is absent. Pitting edema confined to the symptomatic leg is absent. Collateral superficial (nonvaricose) veins are absent. A previously documented DVT is absent. An alternative diagnosis at least as likely as DVT is absent. The D-dimer test result is Negative. The compression ultrasound result is Positive. | H21: =A21&"|"&B21&"|"&C21 -> gpt|no_guideline|41
A22: gpt | B22: with_guideline | C22: 1 | D22: ExcludeDVT | E22: ExcludeDVT | F22: =TRUE() -> TRUE | G22: Active cancer is absent. Paralysis, paresis, or recent plaster immobilization of the lower extremities is absent. Recent bedridden status of more than 3 days or major surgery within the previous 12 weeks is absent. Localized tenderness along the deep venous system is absent. Swelling of the entire leg is absent. Calf swelling more than 3 cm larger than the asymptomatic side is absent. Pitting edema confined to the symptomatic leg is absent. Collateral superficial (nonvaricose) veins are absent. A previously documented DVT is absent. An alternative diagnosis at least as likely as DVT is absent. The D-dimer test result is Negative. The compression ultrasound result is Negative. | H22: =A22&"|"&B22&"|"&C22 -> gpt|with_guideline|1
A23: gpt | B23: with_guideline | C23: 2 | D23: ExcludeDVT | E23: TreatAnticoagulation | F23: =FALSE() -> FALSE | G23: Active cancer is absent. Paralysis, paresis, or recent plaster immobilization of the lower extremities is absent. Recent bedridden status of more than 3 days or major surgery within the previous 12 weeks is absent. Localized tenderness along the deep venous system is absent. Swelling of the entire leg is absent. Calf swelling more than 3 cm larger than the asymptomatic side is absent. Pitting edema confined to the symptomatic leg is absent. Collateral superficial (nonvaricose) veins are absent. A previously documented DVT is absent. An alternative diagnosis at least as likely as DVT is absent. The D-dimer test result is Negative. The compression ultrasound result is Positive. | H23: =A23&"|"&B23&"|"&C23 -> gpt|with_guideline|2
A24: gpt | B24: with_guideline | C24: 3 | D24: ExcludeDVT | E24: ExcludeDVT | F24: =TRUE() -> TRUE | G24: Active cancer is absent. Paralysis, paresis, or recent plaster immobilization of the lower extremities is absent. Recent bedridden status of more than 3 days or major surgery within the previous 12 weeks is absent. Localized tenderness along the deep venous system is absent. Swelling of the entire leg is absent. Calf swelling more than 3 cm larger than the asymptomatic side is absent. Pitting edema confined to the symptomatic leg is absent. Collateral superficial (nonvaricose) veins are absent. A previously documented DVT is absent. An alternative diagnosis at least as likely as DVT is absent. The D-dimer test result is Positive. The compression ultrasound result is Negative. | H24: =A24&"|"&B24&"|"&C24 -> gpt|with_guideline|3
A25: gpt | B25: with_guideline | C25: 4 | D25: TreatAnticoagulation | E25: TreatAnticoagulation | F25: =TRUE() -> TRUE | G25: Active cancer is absent. Paralysis, paresis, or recent plaster immobilization of the lower extremities is absent. Recent bedridden status of more than 3 days or major surgery within the previous 12 weeks is absent. Localized tenderness along the deep venous system is absent. Swelling of the entire leg is absent. Calf swelling more than 3 cm larger than the asymptomatic side is absent. Pitting edema confined to the symptomatic leg is absent. Collateral superficial (nonvaricose) veins are absent. A previously documented DVT is absent. An alternative diagnosis at least as likely as DVT is absent. The D-dimer test result is Positive. The compression ultrasound result is Positive. | H25: =A25&"|"&B25&"|"&C25 -> gpt|with_guideline|4
A26: gpt | B26: with_guideline | C26: 11 | D26: ExcludeDVT | E26: ExcludeDVT | F26: =TRUE() -> TRUE | G26: Active cancer is present. Paralysis, paresis, or recent plaster immobilization of the lower extremities is present. Recent bedridden status of more than 3 days or major surgery within the previous 12 weeks is absent. Localized tenderness along the deep venous system is absent. Swelling of the entire leg is absent. Calf swelling more than 3 cm larger than the asymptomatic side is absent. Pitting edema confined to the symptomatic leg is absent. Collateral superficial (nonvaricose) veins are absent. A previously documented DVT is absent. An alternative diagnosis at least as likely as DVT is absent. The D-dimer test result is Negative. The compression ultrasound result is Negative. | H26: =A26&"|"&B26&"|"&C26 -> gpt|with_guideline|11
A27: gpt | B27: with_guideline | C27: 12 | D27: TreatAnticoagulation | E27: TreatAnticoagulation | F27: =TRUE() -> TRUE | G27: Active cancer is present. Paralysis, paresis, or recent plaster immobilization of the lower extremities is present. Recent bedridden status of more than 3 days or major surgery within the previous 12 weeks is absent. Localized tenderness along the deep venous system is absent. Swelling of the entire leg is absent. Calf swelling more than 3 cm larger than the asymptomatic side is absent. Pitting edema confined to the symptomatic leg is absent. Collateral superficial (nonvaricose) veins are absent. A previously documented DVT is absent. An alternative diagnosis at least as likely as DVT is absent. The D-dimer test result is Negative. The compression ultrasound result is Positive. | H27: =A27&"|"&B27&"|"&C27 -> gpt|with_guideline|12
A28: gpt | B28: with_guideline | C28: 13 | D28: TreatAnticoagulation | E28: TreatAnticoagulation | F28: =TRUE() -> TRUE | G28: Active cancer is present. Paralysis, paresis, or recent plaster immobilization of the lower extremities is present. Recent bedridden status of more than 3 days or major surgery within the previous 12 weeks is absent. Localized tenderness along the deep venous system is absent. Swelling of the entire leg is absent. Calf swelling more than 3 cm larger than the asymptomatic side is absent. Pitting edema confined to the symptomatic leg is absent. Collateral superficial (nonvaricose) veins are absent. A previously documented DVT is absent. An alternative diagnosis at least as likely as DVT is absent. The D-dimer test result is Positive. The compression ultrasound result is Positive. | H28: =A28&"|"&B28&"|"&C28 -> gpt|with_guideline|13
A29: gpt | B29: with_guideline | C29: 14 | D29: RepeatUltrasoundIn1Week | E29: RepeatUltrasoundIn1Week | F29: =TRUE() -> TRUE | G29: Active cancer is present. Paralysis, paresis, or recent plaster immobilization of the lower extremities is present. Recent bedridden status of more than 3 days or major surgery within the previous 12 weeks is absent. Localized tenderness along the deep venous system is absent. Swelling of the entire leg is absent. Calf swelling more than 3 cm larger than the asymptomatic side is absent. Pitting edema confined to the symptomatic leg is absent. Collateral superficial (nonvaricose) veins are absent. A previously documented DVT is absent. An alternative diagnosis at least as likely as DVT is absent. The D-dimer test result is Positive. The compression ultrasound result is Negative. | H29: =A29&"|"&B29&"|"&C29 -> gpt|with_guideline|14
A30: gpt | B30: with_guideline | C30: 21 | D30: ExcludeDVT | E30: ExcludeDVT | F30: =TRUE() -> TRUE | G30: Active cancer is absent. Paralysis, paresis, or recent plaster immobilization of the lower extremities is absent. Recent bedridden status of more than 3 days or major surgery within the previous 12 weeks is absent. Localized tenderness along the deep venous system is absent. Swelling of the entire leg is absent. Calf swelling more than 3 cm larger than the asymptomatic side is absent. Pitting edema confined to the symptomatic leg is absent. Collateral superficial (nonvaricose) veins are absent. A previously documented DVT is present. An alternative diagnosis at least as likely as DVT is absent. The D-dimer test result is Positive. The compression ultrasound result is Negative. | H30: =A30&"|"&B30&"|"&C30 -> gpt|with_guideline|21
A31: gpt | B31: with_guideline | C31: 22 | D31: RepeatUltrasoundIn1Week | E31: RepeatUltrasoundIn1Week | F31: =TRUE() -> TRUE | G31: Active cancer is present. Paralysis, paresis, or recent plaster immobilization of the lower extremities is absent. Recent bedridden status of more than 3 days or major surgery within the previous 12 weeks is absent. Localized tenderness along the deep venous system is absent. Swelling of the entire leg is absent. Calf swelling more than 3 cm larger than the asymptomatic side is absent. Pitting edema confined to the symptomatic leg is absent. Collateral superficial (nonvaricose) veins are absent. A previously documented DVT is present. An alternative diagnosis at least as likely as DVT is absent. The D-dimer test result is Positive. The compression ultrasound result is Negative. | H31: =A31&"|"&B31&"|"&C31 -> gpt|with_guideline|22
A32: gpt | B32: with_guideline | C32: 23 | D32: RepeatUltrasoundIn1Week | E32: RepeatUltrasoundIn1Week | F32: =TRUE() -> TRUE | G32: Active cancer is absent. Paralysis, paresis, or recent plaster immobilization of the lower extremities is present. Recent bedridden status of more than 3 days or major surgery within the previous 12 weeks is absent. Localized tenderness along the deep venous system is absent. Swelling of the entire leg is absent. Calf swelling more than 3 cm larger than the asymptomatic side is absent. Pitting edema confined to the symptomatic leg is absent. Collateral superficial (nonvaricose) veins are absent. A previously documented DVT is present. An alternative diagnosis at least as likely as DVT is absent. The D-dimer test result is Positive. The compression ultrasound result is Negative. | H32: =A32&"|"&B32&"|"&C32 -> gpt|with_guideline|23
A33: gpt | B33: with_guideline | C33: 24 | D33: RepeatUltrasoundIn1Week | E33: RepeatUltrasoundIn1Week | F33: =TRUE() -> TRUE | G33: Active cancer is absent. Paralysis, paresis, or recent plaster immobilization of the lower extremities is absent. Recent bedridden status of more than 3 days or major surgery within the previous 12 weeks is present. Localized tenderness along the deep venous system is absent. Swelling of the entire leg is absent. Calf swelling more than 3 cm larger than the asymptomatic side is absent. Pitting edema confined to the symptomatic leg is absent. Collateral superficial (nonvaricose) veins are absent. A previously documented DVT is present. An alternative diagnosis at least as likely as DVT is absent. The D-dimer test result is Positive. The compression ultrasound result is Negative. | H33: =A33&"|"&B33&"|"&C33 -> gpt|with_guideline|24
A34: gpt | B34: with_guideline | C34: 25 | D34: RepeatUltrasoundIn1Week | E34: RepeatUltrasoundIn1Week | F34: =TRUE() -> TRUE | G34: Active cancer is absent. Paralysis, paresis, or recent plaster immobilization of the lower extremities is absent. Recent bedridden status of more than 3 days or major surgery within the previous 12 weeks is absent. Localized tenderness along the deep venous system is present. Swelling of the entire leg is absent. Calf swelling more than 3 cm larger than the asymptomatic side is absent. Pitting edema confined to the symptomatic leg is absent. Collateral superficial (nonvaricose) veins are absent. A previously documented DVT is present. An alternative diagnosis at least as likely as DVT is absent. The D-dimer test result is Positive. The compression ultrasound result is Negative. | H34: =A34&"|"&B34&"|"&C34 -> gpt|with_guideline|25
A35: gpt | B35: with_guideline | C35: 26 | D35: RepeatUltrasoundIn1Week | E35: RepeatUltrasoundIn1Week | F35: =TRUE() -> TRUE | G35: Active cancer is absent. Paralysis, paresis, or recent plaster immobilization of the lower extremities is absent. Recent bedridden status of more than 3 days or major surgery within the previous 12 weeks is absent. Localized tenderness along the deep venous system is absent. Swelling of the entire leg is present. Calf swelling more than 3 cm larger than the asymptomatic side is absent. Pitting edema confined to the symptomatic leg is absent. Collateral superficial (nonvaricose) veins are absent. A previously documented DVT is present. An alternative diagnosis at least as likely as DVT is absent. The D-dimer test result is Positive. The compression ultrasound result is Negative. | H35: =A35&"|"&B35&"|"&C35 -> gpt|with_guideline|26
... A41: gpt | B41: with_guideline | C41: 41 | D41: TreatAnticoagulation | E41: TreatAnticoagulation | F41: =TRUE() -> TRUE | G41: Active cancer is present. Paralysis, paresis, or recent plaster immobilization of the lower extremities is present. Recent bedridden status of more than 3 days or major surgery within the previous 12 weeks is present. Localized tenderness along the deep venous system is present. Swelling of the entire leg is present. Calf swelling more than 3 cm larger than the asymptomatic side is absent. Pitting edema confined to the symptomatic leg is absent. Collateral superficial (nonvaricose) veins are absent. A previously documented DVT is absent. An alternative diagnosis at least as likely as DVT is absent. The D-dimer test result is Negative. The compression ultrasound result is Positive. | H41: =A41&"|"&B41&"|"&C41 -> gpt|with_guideline|41
A42: claude | B42: no_guideline | C42: 1 | D42: ExcludeDVT | E42: PARSE_ERROR | F42: =FALSE() -> FALSE | G42: Active cancer is absent. Paralysis, paresis, or recent plaster immobilization of the lower extremities is absent. Recent bedridden status of more than 3 days or major surgery within the previous 12 weeks is absent. Localized tenderness along the deep venous system is absent. Swelling of the entire leg is absent. Calf swelling more than 3 cm larger than the asymptomatic side is absent. Pitting edema confined to the symptomatic leg is absent. Collateral superficial (nonvaricose) veins are absent. A previously documented DVT is absent. An alternative diagnosis at least as likely as DVT is absent. The D-dimer test result is Negative. The compression ultrasound result is Negative. | H42: =A42&"|"&B42&"|"&C42 -> claude|no_guideline|1
A43: claude | B43: no_guideline | C43: 2 | D43: ExcludeDVT | E43: PARSE_ERROR | F43: =FALSE() -> FALSE | G43: Active cancer is absent. Paralysis, paresis, or recent plaster immobilization of the lower extremities is absent. Recent bedridden status of more than 3 days or major surgery within the previous 12 weeks is absent. Localized tenderness along the deep venous system is absent. Swelling of the entire leg is absent. Calf swelling more than 3 cm larger than the asymptomatic side is absent. Pitting edema confined to the symptomatic leg is absent. Collateral superficial (nonvaricose) veins are absent. A previously documented DVT is absent. An alternative diagnosis at least as likely as DVT is absent. The D-dimer test result is Negative. The compression ultrasound result is Positive. | H43: =A43&"|"&B43&"|"&C43 -> claude|no_guideline|2
A44: claude | B44: no_guideline | C44: 3 | D44: ExcludeDVT | E44: PARSE_ERROR | F44: =FALSE() -> FALSE | G44: Active cancer is absent. Paralysis, paresis, or recent plaster immobilization of the lower extremities is absent. Recent bedridden status of more than 3 days or major surgery within the previous 12 weeks is absent. Localized tenderness along the deep venous system is absent. Swelling of the entire leg is absent. Calf swelling more than 3 cm larger than the asymptomatic side is absent. Pitting edema confined to the symptomatic leg is absent. Collateral superficial (nonvaricose) veins are absent. A previously documented DVT is absent. An alternative diagnosis at least as likely as DVT is absent. The D-dimer test result is Positive. The compression ultrasound result is Negative. | H44: =A44&"|"&B44&"|"&C44 -> claude|no_guideline|3
A45: claude | B45: no_guideline | C45: 4 | D45: TreatAnticoagulation | E45: PARSE_ERROR | F45: =FALSE() -> FALSE | G45: Active cancer is absent. Paralysis, paresis, or recent plaster immobilization of the lower extremities is absent. Recent bedridden status of more than 3 days or major surgery within the previous 12 weeks is absent. Localized tenderness along the deep venous system is absent. Swelling of the entire leg is absent. Calf swelling more than 3 cm larger than the asymptomatic side is absent. Pitting edema confined to the symptomatic leg is absent. Collateral superficial (nonvaricose) veins are absent. A previously documented DVT is absent. An alternative diagnosis at least as likely as DVT is absent. The D-dimer test result is Positive. The compression ultrasound result is Positive. | H45: =A45&"|"&B45&"|"&C45 -> claude|no_guideline|4
A46: claude | B46: no_guideline | C46: 11 | D46: ExcludeDVT | E46: PARSE_ERROR | F46: =FALSE() -> FALSE | G46: Active cancer is present. Paralysis, paresis, or recent plaster immobilization of the lower extremities is present. Recent bedridden status of more than 3 days or major surgery within the previous 12 weeks is absent. Localized tenderness along the deep venous system is absent. Swelling of the entire leg is absent. Calf swelling more than 3 cm larger than the asymptomatic side is absent. Pitting edema confined to the symptomatic leg is absent. Collateral superficial (nonvaricose) veins are absent. A previously documented DVT is absent. An alternative diagnosis at least as likely as DVT is absent. The D-dimer test result is Negative. The compression ultrasound result is Negative. | H46: =A46&"|"&B46&"|"&C46 -> claude|no_guideline|11
A47: claude | B47: no_guideline | C47: 12 | D47: TreatAnticoagulation | E47: PARSE_ERROR | F47: =FALSE() -> FALSE | G47: Active cancer is present. Paralysis, paresis, or recent plaster immobilization of the lower extremities is present. Recent bedridden status of more than 3 days or major surgery within the previous 12 weeks is absent. Localized tenderness along the deep venous system is absent. Swelling of the entire leg is absent. Calf swelling more than 3 cm larger than the asymptomatic side is absent. Pitting edema confined to the symptomatic leg is absent. Collateral superficial (nonvaricose) veins are absent. A previously documented DVT is absent. An alternative diagnosis at least as likely as DVT is absent. The D-dimer test result is Negative. The compression ultrasound result is Positive. | H47: =A47&"|"&B47&"|"&C47 -> claude|no_guideline|12
A48: claude | B48: no_guideline | C48: 13 | D48: TreatAnticoagulation | E48: PARSE_ERROR | F48: =FALSE() -> FALSE | G48: Active cancer is present. Paralysis, paresis, or recent plaster immobilization of the lower extremities is present. Recent bedridden status of more than 3 days or major surgery within the previous 12 weeks is absent. Localized tenderness along the deep venous system is absent. Swelling of the entire leg is absent. Calf swelling more than 3 cm larger than the asymptomatic side is absent. Pitting edema confined to the symptomatic leg is absent. Collateral superficial (nonvaricose) veins are absent. A previously documented DVT is absent. An alternative diagnosis at least as likely as DVT is absent. The D-dimer test result is Positive. The compression ultrasound result is Positive. | H48: =A48&"|"&B48&"|"&C48 -> claude|no_guideline|13
A49: claude | B49: no_guideline | C49: 14 | D49: RepeatUltrasoundIn1Week | E49: PARSE_ERROR | F49: =FALSE() -> FALSE | G49: Active cancer is present. Paralysis, paresis, or recent plaster immobilization of the lower extremities is present. Recent bedridden status of more than 3 days or major surgery within the previous 12 weeks is absent. Localized tenderness along the deep venous system is absent. Swelling of the entire leg is absent. Calf swelling more than 3 cm larger than the asymptomatic side is absent. Pitting edema confined to the symptomatic leg is absent. Collateral superficial (nonvaricose) veins are absent. A previously documented DVT is absent. An alternative diagnosis at least as likely as DVT is absent. The D-dimer test result is Positive. The compression ultrasound result is Negative. | H49: =A49&"|"&B49&"|"&C49 -> claude|no_guideline|14
A50: claude | B50: no_guideline | C50: 21 | D50: ExcludeDVT | E50: PARSE_ERROR | F50: =FALSE() -> FALSE | G50: Active cancer is absent. Paralysis, paresis, or recent plaster immobilization of the lower extremities is absent. Recent bedridden status of more than 3 days or major surgery within the previous 12 weeks is absent. Localized tenderness along the deep venous system is absent. Swelling of the entire leg is absent. Calf swelling more than 3 cm larger than the asymptomatic side is absent. Pitting edema confined to the symptomatic leg is absent. Collateral superficial (nonvaricose) veins are absent. A previously documented DVT is present. An alternative diagnosis at least as likely as DVT is absent. The D-dimer test result is Positive. The compression ultrasound result is Negative. | H50: =A50&"|"&B50&"|"&C50 -> claude|no_guideline|21
A51: claude | B51: no_guideline | C51: 22 | D51: RepeatUltrasoundIn1Week | E51: PARSE_ERROR | F51: =FALSE() -> FALSE | G51: Active cancer is present. Paralysis, paresis, or recent plaster immobilization of the lower extremities is absent. Recent bedridden status of more than 3 days or major surgery within the previous 12 weeks is absent. Localized tenderness along the deep venous system is absent. Swelling of the entire leg is absent. Calf swelling more than 3 cm larger than the asymptomatic side is absent. Pitting edema confined to the symptomatic leg is absent. Collateral superficial (nonvaricose) veins are absent. A previously documented DVT is present. An alternative diagnosis at least as likely as DVT is absent. The D-dimer test result is Positive. The compression ultrasound result is Negative. | H51: =A51&"|"&B51&"|"&C51 -> claude|no_guideline|22
A52: claude | B52: no_guideline | C52: 23 | D52: RepeatUltrasoundIn1Week | E52: PARSE_ERROR | F52: =FALSE() -> FALSE | G52: Active cancer is absent. Paralysis, paresis, or recent plaster immobilization of the lower extremities is present. Recent bedridden status of more than 3 days or major surgery within the previous 12 weeks is absent. Localized tenderness along the deep venous system is absent. Swelling of the entire leg is absent. Calf swelling more than 3 cm larger than the asymptomatic side is absent. Pitting edema confined to the symptomatic leg is absent. Collateral superficial (nonvaricose) veins are absent. A previously documented DVT is present. An alternative diagnosis at least as likely as DVT is absent. The D-dimer test result is Positive. The compression ultrasound result is Negative. | H52: =A52&"|"&B52&"|"&C52 -> claude|no_guideline|23
A53: claude | B53: no_guideline | C53: 24 | D53: RepeatUltrasoundIn1Week | E53: PARSE_ERROR | F53: =FALSE() -> FALSE | G53: Active cancer is absent. Paralysis, paresis, or recent plaster immobilization of the lower extremities is absent. Recent bedridden status of more than 3 days or major surgery within the previous 12 weeks is present. Localized tenderness along the deep venous system is absent. Swelling of the entire leg is absent. Calf swelling more than 3 cm larger than the asymptomatic side is absent. Pitting edema confined to the symptomatic leg is absent. Collateral superficial (nonvaricose) veins are absent. A previously documented DVT is present. An alternative diagnosis at least as likely as DVT is absent. The D-dimer test result is Positive. The compression ultrasound result is Negative. | H53: =A53&"|"&B53&"|"&C53 -> claude|no_guideline|24
... A81: claude | B81: with_guideline | C81: 41 | D81: TreatAnticoagulation | E81: PARSE_ERROR | F81: =FALSE() -> FALSE | G81: Active cancer is present. Paralysis, paresis, or recent plaster immobilization of the lower extremities is present. Recent bedridden status of more than 3 days or major surgery within the previous 12 weeks is present. Localized tenderness along the deep venous system is present. Swelling of the entire leg is present. Calf swelling more than 3 cm larger than the asymptomatic side is absent. Pitting edema confined to the symptomatic leg is absent. Collateral superficial (nonvaricose) veins are absent. A previously documented DVT is absent. An alternative diagnosis at least as likely as DVT is absent. The D-dimer test result is Negative. The compression ultrasound result is Positive. | H81: =A81&"|"&B81&"|"&C81 -> claude|with_guideline|41
A82: gemini | B82: no_guideline | C82: 1 | D82: ExcludeDVT | E82: ExcludeDVT | F82: =TRUE() -> TRUE | G82: Active cancer is absent. Paralysis, paresis, or recent plaster immobilization of the lower extremities is absent. Recent bedridden status of more than 3 days or major surgery within the previous 12 weeks is absent. Localized tenderness along the deep venous system is absent. Swelling of the entire leg is absent. Calf swelling more than 3 cm larger than the asymptomatic side is absent. Pitting edema confined to the symptomatic leg is absent. Collateral superficial (nonvaricose) veins are absent. A previously documented DVT is absent. An alternative diagnosis at least as likely as DVT is absent. The D-dimer test result is Negative. The compression ultrasound result is Negative. | H82: =A82&"|"&B82&"|"&C82 -> gemini|no_guideline|1
A83: gemini | B83: no_guideline | C83: 2 | D83: ExcludeDVT | E83: TreatAnticoagulation | F83: =FALSE() -> FALSE | G83: Active cancer is absent. Paralysis, paresis, or recent plaster immobilization of the lower extremities is absent. Recent bedridden status of more than 3 days or major surgery within the previous 12 weeks is absent. Localized tenderness along the deep venous system is absent. Swelling of the entire leg is absent. Calf swelling more than 3 cm larger than the asymptomatic side is absent. Pitting edema confined to the symptomatic leg is absent. Collateral superficial (nonvaricose) veins are absent. A previously documented DVT is absent. An alternative diagnosis at least as likely as DVT is absent. The D-dimer test result is Negative. The compression ultrasound result is Positive. | H83: =A83&"|"&B83&"|"&C83 -> gemini|no_guideline|2
A84: gemini | B84: no_guideline | C84: 3 | D84: ExcludeDVT | E84: ExcludeDVT | F84: =TRUE() -> TRUE | G84: Active cancer is absent. Paralysis, paresis, or recent plaster immobilization of the lower extremities is absent. Recent bedridden status of more than 3 days or major surgery within the previous 12 weeks is absent. Localized tenderness along the deep venous system is absent. Swelling of the entire leg is absent. Calf swelling more than 3 cm larger than the asymptomatic side is absent. Pitting edema confined to the symptomatic leg is absent. Collateral superficial (nonvaricose) veins are absent. A previously documented DVT is absent. An alternative diagnosis at least as likely as DVT is absent. The D-dimer test result is Positive. The compression ultrasound result is Negative. | H84: =A84&"|"&B84&"|"&C84 -> gemini|no_guideline|3
A85: gemini | B85: no_guideline | C85: 4 | D85: TreatAnticoagulation | E85: TreatAnticoagulation | F85: =TRUE() -> TRUE | G85: Active cancer is absent. Paralysis, paresis, or recent plaster immobilization of the lower extremities is absent. Recent bedridden status of more than 3 days or major surgery within the previous 12 weeks is absent. Localized tenderness along the deep venous system is absent. Swelling of the entire leg is absent. Calf swelling more than 3 cm larger than the asymptomatic side is absent. Pitting edema confined to the symptomatic leg is absent. Collateral superficial (nonvaricose) veins are absent. A previously documented DVT is absent. An alternative diagnosis at least as likely as DVT is absent. The D-dimer test result is Positive. The compression ultrasound result is Positive. | H85: =A85&"|"&B85&"|"&C85 -> gemini|no_guideline|4
A86: gemini | B86: no_guideline | C86: 11 | D86: ExcludeDVT | E86: ExcludeDVT | F86: =TRUE() -> TRUE | G86: Active cancer is present. Paralysis, paresis, or recent plaster immobilization of the lower extremities is present. Recent bedridden status of more than 3 days or major surgery within the previous 12 weeks is absent. Localized tenderness along the deep venous system is absent. Swelling of the entire leg is absent. Calf swelling more than 3 cm larger than the asymptomatic side is absent. Pitting edema confined to the symptomatic leg is absent. Collateral superficial (nonvaricose) veins are absent. A previously documented DVT is absent. An alternative diagnosis at least as likely as DVT is absent. The D-dimer test result is Negative. The compression ultrasound result is Negative. | H86: =A86&"|"&B86&"|"&C86 -> gemini|no_guideline|11
A87: gemini | B87: no_guideline | C87: 12 | D87: TreatAnticoagulation | E87: TreatAnticoagulation | F87: =TRUE() -> TRUE | G87: Active cancer is present. Paralysis, paresis, or recent plaster immobilization of the lower extremities is present. Recent bedridden status of more than 3 days or major surgery within the previous 12 weeks is absent. Localized tenderness along the deep venous system is absent. Swelling of the entire leg is absent. Calf swelling more than 3 cm larger than the asymptomatic side is absent. Pitting edema confined to the symptomatic leg is absent. Collateral superficial (nonvaricose) veins are absent. A previously documented DVT is absent. An alternative diagnosis at least as likely as DVT is absent. The D-dimer test result is Negative. The compression ultrasound result is Positive. | H87: =A87&"|"&B87&"|"&C87 -> gemini|no_guideline|12
A88: gemini | B88: no_guideline | C88: 13 | D88: TreatAnticoagulation | E88: TreatAnticoagulation | F88: =TRUE() -> TRUE | G88: Active cancer is present. Paralysis, paresis, or recent plaster immobilization of the lower extremities is present. Recent bedridden status of more than 3 days or major surgery within the previous 12 weeks is absent. Localized tenderness along the deep venous system is absent. Swelling of the entire leg is absent. Calf swelling more than 3 cm larger than the asymptomatic side is absent. Pitting edema confined to the symptomatic leg is absent. Collateral superficial (nonvaricose) veins are absent. A previously documented DVT is absent. An alternative diagnosis at least as likely as DVT is absent. The D-dimer test result is Positive. The compression ultrasound result is Positive. | H88: =A88&"|"&B88&"|"&C88 -> gemini|no_guideline|13
A89: gemini | B89: no_guideline | C89: 14 | D89: RepeatUltrasoundIn1Week | E89: ExcludeDVT | F89: =FALSE() -> FALSE | G89: Active cancer is present. Paralysis, paresis, or recent plaster immobilization of the lower extremities is present. Recent bedridden status of more than 3 days or major surgery within the previous 12 weeks is absent. Localized tenderness along the deep venous system is absent. Swelling of the entire leg is absent. Calf swelling more than 3 cm larger than the asymptomatic side is absent. Pitting edema confined to the symptomatic leg is absent. Collateral superficial (nonvaricose) veins are absent. A previously documented DVT is absent. An alternative diagnosis at least as likely as DVT is absent. The D-dimer test result is Positive. The compression ultrasound result is Negative. | H89: =A89&"|"&B89&"|"&C89 -> gemini|no_guideline|14
A90: gemini | B90: no_guideline | C90: 21 | D90: ExcludeDVT | E90: RepeatUltrasoundIn1Week | F90: =FALSE() -> FALSE | G90: Active cancer is absent. Paralysis, paresis, or recent plaster immobilization of the lower extremities is absent. Recent bedridden status of more than 3 days or major surgery within the previous 12 weeks is absent. Localized tenderness along the deep venous system is absent. Swelling of the entire leg is absent. Calf swelling more than 3 cm larger than the asymptomatic side is absent. Pitting edema confined to the symptomatic leg is absent. Collateral superficial (nonvaricose) veins are absent. A previously documented DVT is present. An alternative diagnosis at least as likely as DVT is absent. The D-dimer test result is Positive. The compression ultrasound result is Negative. | H90: =A90&"|"&B90&"|"&C90 -> gemini|no_guideline|21
A91: gemini | B91: no_guideline | C91: 22 | D91: RepeatUltrasoundIn1Week | E91: RepeatUltrasoundIn1Week | F91: =TRUE() -> TRUE | G91: Active cancer is present. Paralysis, paresis, or recent plaster immobilization of the lower extremities is absent. Recent bedridden status of more than 3 days or major surgery within the previous 12 weeks is absent. Localized tenderness along the deep venous system is absent. Swelling of the entire leg is absent. Calf swelling more than 3 cm larger than the asymptomatic side is absent. Pitting edema confined to the symptomatic leg is absent. Collateral superficial (nonvaricose) veins are absent. A previously documented DVT is present. An alternative diagnosis at least as likely as DVT is absent. The D-dimer test result is Positive. The compression ultrasound result is Negative. | H91: =A91&"|"&B91&"|"&C91 -> gemini|no_guideline|22
A92: gemini | B92: no_guideline | C92: 23 | D92: RepeatUltrasoundIn1Week | E92: RepeatUltrasoundIn1Week | F92: =TRUE() -> TRUE | G92: Active cancer is absent. Paralysis, paresis, or recent plaster immobilization of the lower extremities is present. Recent bedridden status of more than 3 days or major surgery within the previous 12 weeks is absent. Localized tenderness along the deep venous system is absent. Swelling of the entire leg is absent. Calf swelling more than 3 cm larger than the asymptomatic side is absent. Pitting edema confined to the symptomatic leg is absent. Collateral superficial (nonvaricose) veins are absent. A previously documented DVT is present. An alternative diagnosis at least as likely as DVT is absent. The D-dimer test result is Positive. The compression ultrasound result is Negative. | H92: =A92&"|"&B92&"|"&C92 -> gemini|no_guideline|23
A93: gemini | B93: no_guideline | C93: 24 | D93: RepeatUltrasoundIn1Week | E93: RepeatUltrasoundIn1Week | F93: =TRUE() -> TRUE | G93: Active cancer is absent. Paralysis, paresis, or recent plaster immobilization of the lower extremities is absent. Recent bedridden status of more than 3 days or major surgery within the previous 12 weeks is present. Localized tenderness along the deep venous system is absent. Swelling of the entire leg is absent. Calf swelling more than 3 cm larger than the asymptomatic side is absent. Pitting edema confined to the symptomatic leg is absent. Collateral superficial (nonvaricose) veins are absent. A previously documented DVT is present. An alternative diagnosis at least as likely as DVT is absent. The D-dimer test result is Positive. The compression ultrasound result is Negative. | H93: =A93&"|"&B93&"|"&C93 -> gemini|no_guideline|24
A94: gemini | B94: no_guideline | C94: 25 | D94: RepeatUltrasoundIn1Week | E94: RepeatUltrasoundIn1Week | F94: =TRUE() -> TRUE | G94: Active cancer is absent. Paralysis, paresis, or recent plaster immobilization of the lower extremities is absent. Recent bedridden status of more than 3 days or major surgery within the previous 12 weeks is absent. Localized tenderness along the deep venous system is present. Swelling of the entire leg is absent. Calf swelling more than 3 cm larger than the asymptomatic side is absent. Pitting edema confined to the symptomatic leg is absent. Collateral superficial (nonvaricose) veins are absent. A previously documented DVT is present. An alternative diagnosis at least as likely as DVT is absent. The D-dimer test result is Positive. The compression ultrasound result is Negative. | H94: =A94&"|"&B94&"|"&C94 -> gemini|no_guideline|25
A95: gemini | B95: no_guideline | C95: 26 | D95: RepeatUltrasoundIn1Week | E95: RepeatUltrasoundIn1Week | F95: =TRUE() -> TRUE | G95: Active cancer is absent. Paralysis, paresis, or recent plaster immobilization of the lower extremities is absent. Recent bedridden status of more than 3 days or major surgery within the previous 12 weeks is absent. Localized tenderness along the deep venous system is absent. Swelling of the entire leg is present. Calf swelling more than 3 cm larger than the asymptomatic side is absent. Pitting edema confined to the symptomatic leg is absent. Collateral superficial (nonvaricose) veins are absent. A previously documented DVT is present. An alternative diagnosis at least as likely as DVT is absent. The D-dimer test result is Positive. The compression ultrasound result is Negative. | H95: =A95&"|"&B95&"|"&C95 -> gemini|no_guideline|26
A96: gemini | B96: no_guideline | C96: 27 | D96: RepeatUltrasoundIn1Week | E96: RepeatUltrasoundIn1Week | F96: =TRUE() -> TRUE | G96: Active cancer is absent. Paralysis, paresis, or recent plaster immobilization of the lower extremities is absent. Recent bedridden status of more than 3 days or major surgery within the previous 12 weeks is absent. Localized tenderness along the deep venous system is absent. Swelling of the entire leg is absent. Calf swelling more than 3 cm larger than the asymptomatic side is present. Pitting edema confined to the symptomatic leg is absent. Collateral superficial (nonvaricose) veins are absent. A previously documented DVT is present. An alternative diagnosis at least as likely as DVT is absent. The D-dimer test result is Positive. The compression ultrasound result is Negative. | H96: =A96&"|"&B96&"|"&C96 -> gemini|no_guideline|27
A97: gemini | B97: no_guideline | C97: 28 | D97: RepeatUltrasoundIn1Week | E97: RepeatUltrasoundIn1Week | F97: =TRUE() -> TRUE | G97: Active cancer is absent. Paralysis, paresis, or recent plaster immobilization of the lower extremities is absent. Recent bedridden status of more than 3 days or major surgery within the previous 12 weeks is absent. Localized tenderness along the deep venous system is absent. Swelling of the entire leg is absent. Calf swelling more than 3 cm larger than the asymptomatic side is absent. Pitting edema confined to the symptomatic leg is present. Collateral superficial (nonvaricose) veins are absent. A previously documented DVT is present. An alternative diagnosis at least as likely as DVT is absent. The D-dimer test result is Positive. The compression ultrasound result is Negative. | H97: =A97&"|"&B97&"|"&C97 -> gemini|no_guideline|28
A98: gemini | B98: no_guideline | C98: 29 | D98: RepeatUltrasoundIn1Week | E98: RepeatUltrasoundIn1Week | F98: =TRUE() -> TRUE | G98: Active cancer is absent. Paralysis, paresis, or recent plaster immobilization of the lower extremities is absent. Recent bedridden status of more than 3 days or major surgery within the previous 12 weeks is absent. Localized tenderness along the deep venous system is absent. Swelling of the entire leg is absent. Calf swelling more than 3 cm larger than the asymptomatic side is absent. Pitting edema confined to the symptomatic leg is absent. Collateral superficial (nonvaricose) veins are present. A previously documented DVT is present. An alternative diagnosis at least as likely as DVT is absent. The D-dimer test result is Positive. The compression ultrasound result is Negative. | H98: =A98&"|"&B98&"|"&C98 -> gemini|no_guideline|29
A99: gemini | B99: no_guideline | C99: 31 | D99: ExcludeDVT | E99: RepeatUltrasoundIn1Week | F99: =FALSE() -> FALSE | G99: Active cancer is present. Paralysis, paresis, or recent plaster immobilization of the lower extremities is absent. Recent bedridden status of more than 3 days or major surgery within the previous 12 weeks is absent. Localized tenderness along the deep venous system is absent. Swelling of the entire leg is absent. Calf swelling more than 3 cm larger than the asymptomatic side is absent. Pitting edema confined to the symptomatic leg is absent. Collateral superficial (nonvaricose) veins are absent. A previously documented DVT is present. An alternative diagnosis at least as likely as DVT is present. The D-dimer test result is Positive. The compression ultrasound result is Negative. | H99: =A99&"|"&B99&"|"&C99 -> gemini|no_guideline|31
A100: gemini | B100: no_guideline | C100: 32 | D100: ExcludeDVT | E100: ExcludeDVT | F100: =TRUE() -> TRUE | G100: Active cancer is absent. Paralysis, paresis, or recent plaster immobilization of the lower extremities is absent. Recent bedridden status of more than 3 days or major surgery within the previous 12 weeks is absent. Localized tenderness along the deep venous system is absent. Swelling of the entire leg is absent. Calf swelling more than 3 cm larger than the asymptomatic side is absent. Pitting edema confined to the symptomatic leg is absent. Collateral superficial (nonvaricose) veins are absent. A previously documented DVT is absent. An alternative diagnosis at least as likely as DVT is present. The D-dimer test result is Negative. The compression ultrasound result is Negative. | H100: =A100&"|"&B100&"|"&C100 -> gemini|no_guideline|32
A101: gemini | B101: no_guideline | C101: 41 | D101: TreatAnticoagulation | E101: TreatAnticoagulation | F101: =TRUE() -> TRUE | G101: Active cancer is present. Paralysis, paresis, or recent plaster immobilization of the lower extremities is present. Recent bedridden status of more than 3 days or major surgery within the previous 12 weeks is present. Localized tenderness along the deep venous system is present. Swelling of the entire leg is present. Calf swelling more than 3 cm larger than the asymptomatic side is absent. Pitting edema confined to the symptomatic leg is absent. Collateral superficial (nonvaricose) veins are absent. A previously documented DVT is absent. An alternative diagnosis at least as likely as DVT is absent. The D-dimer test result is Negative. The compression ultrasound result is Positive. | H101: =A101&"|"&B101&"|"&C101 -> gemini|no_guideline|41
A102: gemini | B102: with_guideline | C102: 1 | D102: ExcludeDVT | E102: ExcludeDVT | F102: =TRUE() -> TRUE | G102: Active cancer is absent. Paralysis, paresis, or recent plaster immobilization of the lower extremities is absent. Recent bedridden status of more than 3 days or major surgery within the previous 12 weeks is absent. Localized tenderness along the deep venous system is absent. Swelling of the entire leg is absent. Calf swelling more than 3 cm larger than the asymptomatic side is absent. Pitting edema confined to the symptomatic leg is absent. Collateral superficial (nonvaricose) veins are absent. A previously documented DVT is absent. An alternative diagnosis at least as likely as DVT is absent. The D-dimer test result is Negative. The compression ultrasound result is Negative. | H102: =A102&"|"&B102&"|"&C102 -> gemini|with_guideline|1
A103: gemini | B103: with_guideline | C103: 2 | D103: ExcludeDVT | E103: ExcludeDVT | F103: =TRUE() -> TRUE | G103: Active cancer is absent. Paralysis, paresis, or recent plaster immobilization of the lower extremities is absent. Recent bedridden status of more than 3 days or major surgery within the previous 12 weeks is absent. Localized tenderness along the deep venous system is absent. Swelling of the entire leg is absent. Calf swelling more than 3 cm larger than the asymptomatic side is absent. Pitting edema confined to the symptomatic leg is absent. Collateral superficial (nonvaricose) veins are absent. A previously documented DVT is absent. An alternative diagnosis at least as likely as DVT is absent. The D-dimer test result is Negative. The compression ultrasound result is Positive. | H103: =A103&"|"&B103&"|"&C103 -> gemini|with_guideline|2
A104: gemini | B104: with_guideline | C104: 3 | D104: ExcludeDVT | E104: ExcludeDVT | F104: =TRUE() -> TRUE | G104: Active cancer is absent. Paralysis, paresis, or recent plaster immobilization of the lower extremities is absent. Recent bedridden status of more than 3 days or major surgery within the previous 12 weeks is absent. Localized tenderness along the deep venous system is absent. Swelling of the entire leg is absent. Calf swelling more than 3 cm larger than the asymptomatic side is absent. Pitting edema confined to the symptomatic leg is absent. Collateral superficial (nonvaricose) veins are absent. A previously documented DVT is absent. An alternative diagnosis at least as likely as DVT is absent. The D-dimer test result is Positive. The compression ultrasound result is Negative. | H104: =A104&"|"&B104&"|"&C104 -> gemini|with_guideline|3
A105: gemini | B105: with_guideline | C105: 4 | D105: TreatAnticoagulation | E105: TreatAnticoagulation | F105: =TRUE() -> TRUE | G105: Active cancer is absent. Paralysis, paresis, or recent plaster immobilization of the lower extremities is absent. Recent bedridden status of more than 3 days or major surgery within the previous 12 weeks is absent. Localized tenderness along the deep venous system is absent. Swelling of the entire leg is absent. Calf swelling more than 3 cm larger than the asymptomatic side is absent. Pitting edema confined to the symptomatic leg is absent. Collateral superficial (nonvaricose) veins are absent. A previously documented DVT is absent. An alternative diagnosis at least as likely as DVT is absent. The D-dimer test result is Positive. The compression ultrasound result is Positive. | H105: =A105&"|"&B105&"|"&C105 -> gemini|with_guideline|4
A106: gemini | B106: with_guideline | C106: 11 | D106: ExcludeDVT | E106: ExcludeDVT | F106: =TRUE() -> TRUE | G106: Active cancer is present. Paralysis, paresis, or recent plaster immobilization of the lower extremities is present. Recent bedridden status of more than 3 days or major surgery within the previous 12 weeks is absent. Localized tenderness along the deep venous system is absent. Swelling of the entire leg is absent. Calf swelling more than 3 cm larger than the asymptomatic side is absent. Pitting edema confined to the symptomatic leg is absent. Collateral superficial (nonvaricose) veins are absent. A previously documented DVT is absent. An alternative diagnosis at least as likely as DVT is absent. The D-dimer test result is Negative. The compression ultrasound result is Negative. | H106: =A106&"|"&B106&"|"&C106 -> gemini|with_guideline|11
A107: gemini | B107: with_guideline | C107: 12 | D107: TreatAnticoagulation | E107: TreatAnticoagulation | F107: =TRUE() -> TRUE | G107: Active cancer is present. Paralysis, paresis, or recent plaster immobilization of the lower extremities is present. Recent bedridden status of more than 3 days or major surgery within the previous 12 weeks is absent. Localized tenderness along the deep venous system is absent. Swelling of the entire leg is absent. Calf swelling more than 3 cm larger than the asymptomatic side is absent. Pitting edema confined to the symptomatic leg is absent. Collateral superficial (nonvaricose) veins are absent. A previously documented DVT is absent. An alternative diagnosis at least as likely as DVT is absent. The D-dimer test result is Negative. The compression ultrasound result is Positive. | H107: =A107&"|"&B107&"|"&C107 -> gemini|with_guideline|12
A108: gemini | B108: with_guideline | C108: 13 | D108: TreatAnticoagulation | E108: TreatAnticoagulation | F108: =TRUE() -> TRUE | G108: Active cancer is present. Paralysis, paresis, or recent plaster immobilization of the lower extremities is present. Recent bedridden status of more than 3 days or major surgery within the previous 12 weeks is absent. Localized tenderness along the deep venous system is absent. Swelling of the entire leg is absent. Calf swelling more than 3 cm larger than the asymptomatic side is absent. Pitting edema confined to the symptomatic leg is absent. Collateral superficial (nonvaricose) veins are absent. A previously documented DVT is absent. An alternative diagnosis at least as likely as DVT is absent. The D-dimer test result is Positive. The compression ultrasound result is Positive. | H108: =A108&"|"&B108&"|"&C108 -> gemini|with_guideline|13
A109: gemini | B109: with_guideline | C109: 14 | D109: RepeatUltrasoundIn1Week | E109: TreatAnticoagulation | F109: =FALSE() -> FALSE | G109: Active cancer is present. Paralysis, paresis, or recent plaster immobilization of the lower extremities is present. Recent bedridden status of more than 3 days or major surgery within the previous 12 weeks is absent. Localized tenderness along the deep venous system is absent. Swelling of the entire leg is absent. Calf swelling more than 3 cm larger than the asymptomatic side is absent. Pitting edema confined to the symptomatic leg is absent. Collateral superficial (nonvaricose) veins are absent. A previously documented DVT is absent. An alternative diagnosis at least as likely as DVT is absent. The D-dimer test result is Positive. The compression ultrasound result is Negative. | H109: =A109&"|"&B109&"|"&C109 -> gemini|with_guideline|14
A110: gemini | B110: with_guideline | C110: 21 | D110: ExcludeDVT | E110: TreatAnticoagulation | F110: =FALSE() -> FALSE | G110: Active cancer is absent. Paralysis, paresis, or recent plaster immobilization of the lower extremities is absent. Recent bedridden status of more than 3 days or major surgery within the previous 12 weeks is absent. Localized tenderness along the deep venous system is absent. Swelling of the entire leg is absent. Calf swelling more than 3 cm larger than the asymptomatic side is absent. Pitting edema confined to the symptomatic leg is absent. Collateral superficial (nonvaricose) veins are absent. A previously documented DVT is present. An alternative diagnosis at least as likely as DVT is absent. The D-dimer test result is Positive. The compression ultrasound result is Negative. | H110: =A110&"|"&B110&"|"&C110 -> gemini|with_guideline|21
A111: gemini | B111: with_guideline | C111: 22 | D111: RepeatUltrasoundIn1Week | E111: RepeatUltrasoundIn1Week | F111: =TRUE() -> TRUE | G111: Active cancer is present. Paralysis, paresis, or recent plaster immobilization of the lower extremities is absent. Recent bedridden status of more than 3 days or major surgery within the previous 12 weeks is absent. Localized tenderness along the deep venous system is absent. Swelling of the entire leg is absent. Calf swelling more than 3 cm larger than the asymptomatic side is absent. Pitting edema confined to the symptomatic leg is absent. Collateral superficial (nonvaricose) veins are absent. A previously documented DVT is present. An alternative diagnosis at least as likely as DVT is absent. The D-dimer test result is Positive. The compression ultrasound result is Negative. | H111: =A111&"|"&B111&"|"&C111 -> gemini|with_guideline|22
A112: gemini | B112: with_guideline | C112: 23 | D112: RepeatUltrasoundIn1Week | E112: RepeatUltrasoundIn1Week | F112: =TRUE() -> TRUE | G112: Active cancer is absent. Paralysis, paresis, or recent plaster immobilization of the lower extremities is present. Recent bedridden status of more than 3 days or major surgery within the previous 12 weeks is absent. Localized tenderness along the deep venous system is absent. Swelling of the entire leg is absent. Calf swelling more than 3 cm larger than the asymptomatic side is absent. Pitting edema confined to the symptomatic leg is absent. Collateral superficial (nonvaricose) veins are absent. A previously documented DVT is present. An alternative diagnosis at least as likely as DVT is absent. The D-dimer test result is Positive. The compression ultrasound result is Negative. | H112: =A112&"|"&B112&"|"&C112 -> gemini|with_guideline|23
A113: gemini | B113: with_guideline | C113: 24 | D113: RepeatUltrasoundIn1Week | E113: RepeatUltrasoundIn1Week | F113: =TRUE() -> TRUE | G113: Active cancer is absent. Paralysis, paresis, or recent plaster immobilization of the lower extremities is absent. Recent bedridden status of more than 3 days or major surgery within the previous 12 weeks is present. Localized tenderness along the deep venous system is absent. Swelling of the entire leg is absent. Calf swelling more than 3 cm larger than the asymptomatic side is absent. Pitting edema confined to the symptomatic leg is absent. Collateral superficial (nonvaricose) veins are absent. A previously documented DVT is present. An alternative diagnosis at least as likely as DVT is absent. The D-dimer test result is Positive. The compression ultrasound result is Negative. | H113: =A113&"|"&B113&"|"&C113 -> gemini|with_guideline|24
A114: gemini | B114: with_guideline | C114: 25 | D114: RepeatUltrasoundIn1Week | E114: TreatAnticoagulation | F114: =FALSE() -> FALSE | G114: Active cancer is absent. Paralysis, paresis, or recent plaster immobilization of the lower extremities is absent. Recent bedridden status of more than 3 days or major surgery within the previous 12 weeks is absent. Localized tenderness along the deep venous system is present. Swelling of the entire leg is absent. Calf swelling more than 3 cm larger than the asymptomatic side is absent. Pitting edema confined to the symptomatic leg is absent. Collateral superficial (nonvaricose) veins are absent. A previously documented DVT is present. An alternative diagnosis at least as likely as DVT is absent. The D-dimer test result is Positive. The compression ultrasound result is Negative. | H114: =A114&"|"&B114&"|"&C114 -> gemini|with_guideline|25
A115: gemini | B115: with_guideline | C115: 26 | D115: RepeatUltrasoundIn1Week | E115: TreatAnticoagulation | F115: =FALSE() -> FALSE | G115: Active cancer is absent. Paralysis, paresis, or recent plaster immobilization of the lower extremities is absent. Recent bedridden status of more than 3 days or major surgery within the previous 12 weeks is absent. Localized tenderness along the deep venous system is absent. Swelling of the entire leg is present. Calf swelling more than 3 cm larger than the asymptomatic side is absent. Pitting edema confined to the symptomatic leg is absent. Collateral superficial (nonvaricose) veins are absent. A previously documented DVT is present. An alternative diagnosis at least as likely as DVT is absent. The D-dimer test result is Positive. The compression ultrasound result is Negative. | H115: =A115&"|"&B115&"|"&C115 -> gemini|with_guideline|26
A116: gemini | B116: with_guideline | C116: 27 | D116: RepeatUltrasoundIn1Week | E116: RepeatUltrasoundIn1Week | F116: =TRUE() -> TRUE | G116: Active cancer is absent. Paralysis, paresis, or recent plaster immobilization of the lower extremities is absent. Recent bedridden status of more than 3 days or major surgery within the previous 12 weeks is absent. Localized tenderness along the deep venous system is absent. Calf swelling more than 3 cm larger than the asymptomatic side is present. Pitting edema confined to the symptomatic leg is absent. Collateral superficial (nonvaricose) veins are absent. A previously documented DVT is present. An alternative diagnosis at least as likely as DVT is absent. The D-dimer test result is Positive. The compression ultrasound result is Negative. Swelling of the entire leg is absent. | H116: =A116&"|"&B116&"|"&C116 -> gemini|with_guideline|27
A117: gemini | B117: with_guideline | C117: 28 | D117: RepeatUltrasoundIn1Week | E117: RepeatUltrasoundIn1Week | F117: =TRUE() -> TRUE | G117: Active cancer is absent. Paralysis, paresis, or recent plaster immobilization of the lower extremities is absent. Recent bedridden status of more than 3 days or major surgery within the previous 12 weeks is absent. Localized tenderness along the deep venous system is absent. Swelling of the entire leg is absent. Calf swelling more than 3 cm larger than the asymptomatic side is absent. Pitting edema confined to the symptomatic leg is present. Collateral superficial (nonvaricose) veins are absent. A previously documented DVT is present. An alternative diagnosis at least as likely as DVT is absent. The D-dimer test result is Positive. The compression ultrasound result is Negative. | H117: =A117&"|"&B117&"|"&C117 -> gemini|with_guideline|28
A118: gemini | B118: with_guideline | C118: 29 | D118: RepeatUltrasoundIn1Week | E118: TreatAnticoagulation | F118: =FALSE() -> FALSE | G118: Active cancer is absent. Paralysis, paresis, or recent plaster immobilization of the lower extremities is absent. Recent bedridden status of more than 3 days or major surgery within the previous 12 weeks is absent. Localized tenderness along the deep venous system is absent. Swelling of the entire leg is absent. Calf swelling more than 3 cm larger than the asymptomatic side is absent. Pitting edema confined to the symptomatic leg is absent. Collateral superficial (nonvaricose) veins are present. A previously documented DVT is present. An alternative diagnosis at least as likely as DVT is absent. The D-dimer test result is Positive. The compression ultrasound result is Negative. | H118: =A118&"|"&B118&"|"&C118 -> gemini|with_guideline|29
A119: gemini | B119: with_guideline | C119: 31 | D119: ExcludeDVT | E119: TreatAnticoagulation | F119: =FALSE() -> FALSE | G119: Active cancer is present. Paralysis, paresis, or recent plaster immobilization of the lower extremities is absent. Recent bedridden status of more than 3 days or major surgery within the previous 12 weeks is absent. Localized tenderness along the deep venous system is absent. Swelling of the entire leg is absent. Calf swelling more than 3 cm larger than the asymptomatic side is absent. Pitting edema confined to the symptomatic leg is absent. Collateral superficial (nonvaricose) veins are absent. A previously documented DVT is present. An alternative diagnosis at least as likely as DVT is present. The D-dimer test result is Positive. The compression ultrasound result is Negative. | H119: =A119&"|"&B119&"|"&C119 -> gemini|with_guideline|31
A120: gemini | B120: with_guideline | C120: 32 | D120: ExcludeDVT | E120: ExcludeDVT | F120: =TRUE() -> TRUE | G120: Active cancer is absent. Paralysis, paresis, or recent plaster immobilization of the lower extremities is absent. Recent bedridden status of more than 3 days or major surgery within the previous 12 weeks is absent. Localized tenderness along the deep venous system is absent. Swelling of the entire leg is absent. Calf swelling more than 3 cm larger than the asymptomatic side is absent. Pitting edema confined to the symptomatic leg is absent. Collateral superficial (nonvaricose) veins are absent. A previously documented DVT is absent. An alternative diagnosis at least as likely as DVT is present. The D-dimer test result is Negative. The compression ultrasound result is Negative. | H120: =A120&"|"&B120&"|"&C120 -> gemini|with_guideline|32
A121: gemini | B121: with_guideline | C121: 41 | D121: TreatAnticoagulation | E121: TreatAnticoagulation | F121: =TRUE() -> TRUE | G121: Active cancer is present. Paralysis, paresis, or recent plaster immobilization of the lower extremities is present. Recent bedridden status of more than 3 days or major surgery within the previous 12 weeks is present. Localized tenderness along the deep venous system is present. Swelling of the entire leg is present. Calf swelling more than 3 cm larger than the asymptomatic side is absent. Pitting edema confined to the symptomatic leg is absent. Collateral superficial (nonvaricose) veins are absent. A previously documented DVT is absent. An alternative diagnosis at least as likely as DVT is absent. The D-dimer test result is Negative. The compression ultrasound result is Positive. | H121: =A121&"|"&B121&"|"&C121 -> gemini|with_guideline|41
A122: llama | B122: no_guideline | C122: 1 | D122: ExcludeDVT | E122: PARSE_ERROR | F122: =FALSE() -> FALSE | G122: Active cancer is absent. Paralysis, paresis, or recent plaster immobilization of the lower extremities is absent. Recent bedridden status of more than 3 days or major surgery within the previous 12 weeks is absent. Localized tenderness along the deep venous system is absent. Swelling of the entire leg is absent. Calf swelling more than 3 cm larger than the asymptomatic side is absent. Pitting edema confined to the symptomatic leg is absent. Collateral superficial (nonvaricose) veins are absent. A previously documented DVT is absent. An alternative diagnosis at least as likely as DVT is absent. The D-dimer test result is Negative. The compression ultrasound result is Negative. | H122: =A122&"|"&B122&"|"&C122 -> llama|no_guideline|1
A123: llama | B123: no_guideline | C123: 2 | D123: ExcludeDVT | E123: TreatAnticoagulation | F123: =FALSE() -> FALSE | G123: Active cancer is absent. Paralysis, paresis, or recent plaster immobilization of the lower extremities is absent. Recent bedridden status of more than 3 days or major surgery within the previous 12 weeks is absent. Localized tenderness along the deep venous system is absent. Swelling of the entire leg is absent. Calf swelling more than 3 cm larger than the asymptomatic side is absent. Pitting edema confined to the symptomatic leg is absent. Collateral superficial (nonvaricose) veins are absent. A previously documented DVT is absent. An alternative diagnosis at least as likely as DVT is absent. The D-dimer test result is Negative. The compression ultrasound result is Positive. | H123: =A123&"|"&B123&"|"&C123 -> llama|no_guideline|2
A124: llama | B124: no_guideline | C124: 3 | D124: ExcludeDVT | E124: PARSE_ERROR | F124: =FALSE() -> FALSE | G124: Active cancer is absent. Paralysis, paresis, or recent plaster immobilization of the lower extremities is absent. Recent bedridden status of more than 3 days or major surgery within the previous 12 weeks is absent. Localized tenderness along the deep venous system is absent. Swelling of the entire leg is absent. Calf swelling more than 3 cm larger than the asymptomatic side is absent. Pitting edema confined to the symptomatic leg is absent. Collateral superficial (nonvaricose) veins are absent. A previously documented DVT is absent. An alternative diagnosis at least as likely as DVT is absent. The D-dimer test result is Positive. The compression ultrasound result is Negative. | H124: =A124&"|"&B124&"|"&C124 -> llama|no_guideline|3
A125: llama | B125: no_guideline | C125: 4 | D125: TreatAnticoagulation | E125: PARSE_ERROR | F125: =FALSE() -> FALSE | G125: Active cancer is absent. Paralysis, paresis, or recent plaster immobilization of the lower extremities is absent. Recent bedridden status of more than 3 days or major surgery within the previous 12 weeks is absent. Localized tenderness along the deep venous system is absent. Swelling of the entire leg is absent. Calf swelling more than 3 cm larger than the asymptomatic side is absent. Pitting edema confined to the symptomatic leg is absent. Collateral superficial (nonvaricose) veins are absent. A previously documented DVT is absent. An alternative diagnosis at least as likely as DVT is absent. The D-dimer test result is Positive. The compression ultrasound result is Positive. | H125: =A125&"|"&B125&"|"&C125 -> llama|no_guideline|4
A126: llama | B126: no_guideline | C126: 11 | D126: ExcludeDVT | E126: PARSE_ERROR | F126: =FALSE() -> FALSE | G126: Active cancer is present. Paralysis, paresis, or recent plaster immobilization of the lower extremities is present. Recent bedridden status of more than 3 days or major surgery within the previous 12 weeks is absent. Localized tenderness along the deep venous system is absent. Swelling of the entire leg is absent. Calf swelling more than 3 cm larger than the asymptomatic side is absent. Pitting edema confined to the symptomatic leg is absent. Collateral superficial (nonvaricose) veins are absent. A previously documented DVT is absent. An alternative diagnosis at least as likely as DVT is absent. The D-dimer test result is Negative. The compression ultrasound result is Negative. | H126: =A126&"|"&B126&"|"&C126 -> llama|no_guideline|11
A127: llama | B127: no_guideline | C127: 12 | D127: TreatAnticoagulation | E127: PARSE_ERROR | F127: =FALSE() -> FALSE | G127: Active cancer is present. Paralysis, paresis, or recent plaster immobilization of the lower extremities is present. Recent bedridden status of more than 3 days or major surgery within the previous 12 weeks is absent. Localized tenderness along the deep venous system is absent. Swelling of the entire leg is absent. Calf swelling more than 3 cm larger than the asymptomatic side is absent. Pitting edema confined to the symptomatic leg is absent. Collateral superficial (nonvaricose) veins are absent. A previously documented DVT is absent. An alternative diagnosis at least as likely as DVT is absent. The D-dimer test result is Negative. The compression ultrasound result is Positive. | H127: =A127&"|"&B127&"|"&C127 -> llama|no_guideline|12
A128: llama | B128: no_guideline | C128: 13 | D128: TreatAnticoagulation | E128: PARSE_ERROR | F128: =FALSE() -> FALSE | G128: Active cancer is present. Paralysis, paresis, or recent plaster immobilization of the lower extremities is present. Recent bedridden status of more than 3 days or major surgery within the previous 12 weeks is absent. Localized tenderness along the deep venous system is absent. Swelling of the entire leg is absent. Calf swelling more than 3 cm larger than the asymptomatic side is absent. Pitting edema confined to the symptomatic leg is absent. Collateral superficial (nonvaricose) veins are absent. A previously documented DVT is absent. An alternative diagnosis at least as likely as DVT is absent. The D-dimer test result is Positive. The compression ultrasound result is Positive. | H128: =A128&"|"&B128&"|"&C128 -> llama|no_guideline|13
A129: llama | B129: no_guideline | C129: 14 | D129: RepeatUltrasoundIn1Week | E129: PARSE_ERROR | F129: =FALSE() -> FALSE | G129: Active cancer is present. Paralysis, paresis, or recent plaster immobilization of the lower extremities is present. Recent bedridden status of more than 3 days or major surgery within the previous 12 weeks is absent. Localized tenderness along the deep venous system is absent. Swelling of the entire leg is absent. Calf swelling more than 3 cm larger than the asymptomatic side is absent. Pitting edema confined to the symptomatic leg is absent. Collateral superficial (nonvaricose) veins are absent. A previously documented DVT is absent. An alternative diagnosis at least as likely as DVT is absent. The D-dimer test result is Positive. The compression ultrasound result is Negative. | H129: =A129&"|"&B129&"|"&C129 -> llama|no_guideline|14
A130: llama | B130: no_guideline | C130: 21 | D130: ExcludeDVT | E130: PARSE_ERROR | F130: =FALSE() -> FALSE | G130: Active cancer is absent. Paralysis, paresis, or recent plaster immobilization of the lower extremities is absent. Recent bedridden status of more than 3 days or major surgery within the previous 12 weeks is absent. Localized tenderness along the deep venous system is absent. Swelling of the entire leg is absent. Calf swelling more than 3 cm larger than the asymptomatic side is absent. Pitting edema confined to the symptomatic leg is absent. Collateral superficial (nonvaricose) veins are absent. A previously documented DVT is present. An alternative diagnosis at least as likely as DVT is absent. The D-dimer test result is Positive. The compression ultrasound result is Negative. | H130: =A130&"|"&B130&"|"&C130 -> llama|no_guideline|21
A131: llama | B131: no_guideline | C131: 22 | D131: RepeatUltrasoundIn1Week | E131: PARSE_ERROR | F131: =FALSE() -> FALSE | G131: Active cancer is present. Paralysis, paresis, or recent plaster immobilization of the lower extremities is absent. Recent bedridden status of more than 3 days or major surgery within the previous 12 weeks is absent. Localized tenderness along the deep venous system is absent. Swelling of the entire leg is absent. Calf swelling more than 3 cm larger than the asymptomatic side is absent. Pitting edema confined to the symptomatic leg is absent. Collateral superficial (nonvaricose) veins are absent. A previously documented DVT is present. An alternative diagnosis at least as likely as DVT is absent. The D-dimer test result is Positive. The compression ultrasound result is Negative. | H131: =A131&"|"&B131&"|"&C131 -> llama|no_guideline|22
A132: llama | B132: no_guideline | C132: 23 | D132: RepeatUltrasoundIn1Week | E132: PARSE_ERROR | F132: =FALSE() -> FALSE | G132: Active cancer is absent. Paralysis, paresis, or recent plaster immobilization of the lower extremities is present. Recent bedridden status of more than 3 days or major surgery within the previous 12 weeks is absent. Localized tenderness along the deep venous system is absent. Swelling of the entire leg is absent. Calf swelling more than 3 cm larger than the asymptomatic side is absent. Pitting edema confined to the symptomatic leg is absent. Collateral superficial (nonvaricose) veins are absent. A previously documented DVT is present. An alternative diagnosis at least as likely as DVT is absent. The D-dimer test result is Positive. The compression ultrasound result is Negative. | H132: =A132&"|"&B132&"|"&C132 -> llama|no_guideline|23
...

Sheet final_eval
A1: Disease | B1: Model | C1: Correct (no_gl) | D1: Total (no_gl) | E1: Correct (with_gl) | F1: Total (with_gl)
A2: asthma | B2: gpt | C2: 8 | D2: 15 | E2: 15 | F2: 15
A3: asthma | B3: claude | C3: 0 | D3: 15 | E3: 3 | F3: 15
A4: asthma | B4: gemini | C4: 5 | D4: 15 | E4: 14 | F4: 15
A5: asthma | B5: llama | C5: 1 | D5: 15 | E5: 0 | F5: 15
A6: hypertension | B6: gpt | C6: 6 | D6: 15 | E6: 15 | F6: 15
A7: hypertension | B7: claude | C7: 2 | D7: 15 | E7: 10 | F7: 15
A8: hypertension | B8: gemini | C8: 6 | D8: 15 | E8: 15 | F8: 15
A9: hypertension | B9: llama | C9: 4 | D9: 15 | E9: 0 | F9: 15
A10: curb | B10: gpt | C10: 17 | D10: 27 | E10: 21 | F10: 27
A11: curb | B11: claude | C11: 0 | D11: 27 | E11: 0 | F11: 27
A12: curb | B12: gemini | C12: 15 | D12: 27 | E12: 24 | F12: 27
A13: curb | B13: llama | C13: 0 | D13: 27 | E13: 0 | F13: 27
... A17: dvt | B17: llama | C17: 0 | D17: 20 | E17: 0 | F17: 20
A20: Model | B20: Asthma No-GL % | C20: Hypertension No-GL % | D20: Curb No-GL % | E20: Dvt No-GL % | F20: Asthma With-GL % | G20: Hypertension With-GL % | H20: Curb With-GL % | I20: Dvt With-GL % | J20: Asthma Delta | K20: Hypertension Delta | L20: Curb Delta | M20: Dvt Delta | N20: Avg Delta
A21: gpt | B21: =C2/D2 -> 0.53333333 | C21: =C6/D6 -> 0.4 | D21: =C10/D10 -> 0.62962963 | E21: =C14/D14 -> 0.85 | F21: =E2/F2 -> 1 | G21: =E6/F6 -> 1 | H21: =E10/F10 -> 0.77777778 | I21: =E14/F14 -> 0.95 | J21: =F21-B21 -> 0.46666667 | K21: =G21-C21 -> 0.6 | L21: =H21-D21 -> 0.14814815 | M21: =I21-E21 -> 0.1 | N21: =AVERAGE(J21:M21) -> 0.3287037
A22: claude | B22: =C3/D3 -> 0 | C22: =C7/D7 -> 0.13333333 | D22: =C11/D11 -> 0 | E22: =C15/D15 -> 0 | F22: =E3/F3 -> 0.2 | G22: =E7/F7 -> 0.66666667 | H22: =E11/F11 -> 0 | I22: =E15/F15 -> 0 | J22: =F22-B22 -> 0.2 | K22: =G22-C22 -> 0.53333333 | L22: =H22-D22 -> 0 | M22: =I22-E22 -> 0 | N22: =AVERAGE(J22:M22) -> 0.18333333
